Workbook

Sheet Input
A1: Ziele
A4: Kalorienbedarf [kcal]: | B4: 3000
A5: Proteinbedarf [g]: | B5: 200
A6: Anzahl an Mahlzeiten [-]: | B6: 4
A7: Tage [d]: | B7: 4

Sheet Meal 1
A1: Meal 1
A3: Kalorienbedarf [kcal]: | K3: =IF(ISBLANK(B3),Input!B4/Input!B6,B3) -> 750
A4: Proteinbedarf [g]: | K4: =IF(ISBLANK(B4),Input!B5/Input!B7,B4) -> 50
A5: Zutat [Name aus Tabelle] | B5: Menge [g] | C5: Spalte1 | D5: Berechnete Menge [g] | E5: Gesamtmenge [g] | F5: Skal. Gesamtmenge [g] | G5: Kosten [€] | H5: Kalorien [kcal] | I5: Proteine [g] | J5: Kaloriendichte [kcal/g] | K5: Proteindichte [g/g] | L5: Kalorien vorher [kcal] | M5: Proteine vorher [g] | N5: Massenanpassung | O5: Relative Abweichung
A6: Haferflocken | B6: 100 | D6: =IF(ROW()-5=$N$29,Meal1[[#Totals],[Massenanpassung]]*$N$31,Meal1[[#This Row],[Menge '[g']]]*$N$31) -> 72.528061 | E6: =Meal1[[#This Row],[Berechnete Menge '[g']]]*Input!$B$7 -> 290.11224 | F6: =Meal1[[#This Row],[Berechnete Menge '[g']]]*5.43 -> 393.82737 | G6: =IFERROR(VLOOKUP(Meal1[[#This Row],[Zutat '[Name aus Tabelle']]],Tabelle2[],11,FALSE)*Meal1[[#This Row],[Berechnete Menge '[g']]],"") -> 0.11459434 | H6: =IFERROR(Meal1[[#This Row],[Berechnete Menge '[g']]]*Meal1[[#This Row],[Kaloriendichte '[kcal/g']]],"") -> 269.80439 | I6: =IFERROR(Meal1[[#This Row],[Berechnete Menge '[g']]]*Meal1[[#This Row],[Proteindichte '[g/g']]],"") -> 9.7912882 | J6: =IFERROR(VLOOKUP(Meal1[[#This Row],[Zutat '[Name aus Tabelle']]],Tabelle2[],13,FALSE),"") -> 3.72 | K6: =IFERROR(VLOOKUP(Meal1[[#This Row],[Zutat '[Name aus Tabelle']]],Tabelle2[],14,FALSE),"") -> 0.135 | L6: =IFERROR(Meal1[[#This Row],[Kaloriendichte '[kcal/g']]]*Meal1[[#This Row],[Menge '[g']]],0) -> 372 | M6: =IFERROR(Meal1[[#This Row],[Proteindichte '[g/g']]]*Meal1[[#This Row],[Menge '[g']]],0) -> 13.5 | N6: =IFERROR(($N$28*(Meal1[[#Totals],[Kalorien vorher '[kcal']]]-Meal1[[#This Row],[Kalorien vorher '[kcal']]])-(Meal1[[#Totals],[Proteine vorher '[g']]]-Meal1[[#This Row],[Proteine vorher '[g']]]))/(Meal1[[#This Row],[Proteindichte '[g/g']]]-$N$28*Meal1[[#This Row],[Kaloriendichte '[kcal/g']]]),1000000) -> -4.0707965 | O6: =IFERROR(ABS(Meal1[[#This Row],[Massenanpassung]]-Meal1[[#This Row],[Menge '[g']]])/Meal1[[#This Row],[Menge '[g']]],1000000) -> 1.040708
A7: Skyr | B7: 200 | D7: =IF(ROW()-5=$N$29,Meal1[[#Totals],[Massenanpassung]]*$N$31,Meal1[[#This Row],[Menge '[g']]]*$N$31) -> 269.26923 | E7: =Meal1[[#This Row],[Berechnete Menge '[g']]]*Input!$B$7 -> 1077.0769 | F7: =Meal1[[#This Row],[Berechnete Menge '[g']]]*5.43 -> 1462.1319 | G7: =IFERROR(VLOOKUP(Meal1[[#This Row],[Zutat '[Name aus Tabelle']]],Tabelle2[],11,FALSE)*Meal1[[#This Row],[Berechnete Menge '[g']]],"") -> 0.8024223 | H7: =IFERROR(Meal1[[#This Row],[Berechnete Menge '[g']]]*Meal1[[#This Row],[Kaloriendichte '[kcal/g']]],"") -> 166.94692 | I7: =IFERROR(Meal1[[#This Row],[Berechnete Menge '[g']]]*Meal1[[#This Row],[Proteindichte '[g/g']]],"") -> 29.619615 | J7: =IFERROR(VLOOKUP(Meal1[[#This Row],[Zutat '[Name aus Tabelle']]],Tabelle2[],13,FALSE),"") -> 0.62 | K7: =IFERROR(VLOOKUP(Meal1[[#This Row],[Zutat '[Name aus Tabelle']]],Tabelle2[],14,FALSE),"") -> 0.11 | L7: =IFERROR(Meal1[[#This Row],[Kaloriendichte '[kcal/g']]]*Meal1[[#This Row],[Menge '[g']]],0) -> 124 | M7: =IFERROR(Meal1[[#This Row],[Proteindichte '[g/g']]]*Meal1[[#This Row],[Menge '[g']]],0) -> 22 | N7: =IFERROR(($N$28*(Meal1[[#Totals],[Kalorien vorher '[kcal']]]-Meal1[[#This Row],[Kalorien vorher '[kcal']]])-(Meal1[[#Totals],[Proteine vorher '[g']]]-Meal1[[#This Row],[Proteine vorher '[g']]]))/(Meal1[[#This Row],[Proteindichte '[g/g']]]-$N$28*Meal1[[#This Row],[Kaloriendichte '[kcal/g']]]),1000000) -> 371.26214 | O7: =IFERROR(ABS(Meal1[[#This Row],[Massenanpassung]]-Meal1[[#This Row],[Menge '[g']]])/Meal1[[#This Row],[Menge '[g']]],1000000) -> 0.85631068
A8: Apfel | B8: 100 | D8: =IF(ROW()-5=$N$29,Meal1[[#Totals],[Massenanpassung]]*$N$31,Meal1[[#This Row],[Menge '[g']]]*$N$31) -> 72.528061 | E8: =Meal1[[#This Row],[Berechnete Menge '[g']]]*Input!$B$7 -> 290.11224 | F8: =Meal1[[#This Row],[Berechnete Menge '[g']]]*5.43 -> 393.82737 | G8: =IFERROR(VLOOKUP(Meal1[[#This Row],[Zutat '[Name aus Tabelle']]],Tabelle2[],11,FALSE)*Meal1[[#This Row],[Berechnete Menge '[g']]],"") -> 0.10806681 | H8: =IFERROR(Meal1[[#This Row],[Berechnete Menge '[g']]]*Meal1[[#This Row],[Kaloriendichte '[kcal/g']]],"") -> 37.714592 | I8: =IFERROR(Meal1[[#This Row],[Berechnete Menge '[g']]]*Meal1[[#This Row],[Proteindichte '[g/g']]],"") -> 0.21758418 | J8: =IFERROR(VLOOKUP(Meal1[[#This Row],[Zutat '[Name aus Tabelle']]],Tabelle2[],13,FALSE),"") -> 0.52 | K8: =IFERROR(VLOOKUP(Meal1[[#This Row],[Zutat '[Name aus Tabelle']]],Tabelle2[],14,FALSE),"") -> 0.003 | L8: =IFERROR(Meal1[[#This Row],[Kaloriendichte '[kcal/g']]]*Meal1[[#This Row],[Menge '[g']]],0) -> 52 | M8: =IFERROR(Meal1[[#This Row],[Proteindichte '[g/g']]]*Meal1[[#This Row],[Menge '[g']]],0) -> 0.3 | N8: =IFERROR(($N$28*(Meal1[[#Totals],[Kalorien vorher '[kcal']]]-Meal1[[#This Row],[Kalorien vorher '[kcal']]])-(Meal1[[#Totals],[Proteine vorher '[g']]]-Meal1[[#This Row],[Proteine vorher '[g']]]))/(Meal1[[#This Row],[Proteindichte '[g/g']]]-$N$28*Meal1[[#This Row],[Kaloriendichte '[kcal/g']]]),1000000) -> -271.36842 | O8: =IFERROR(ABS(Meal1[[#This Row],[Massenanpassung]]-Meal1[[#This Row],[Menge '[g']]])/Meal1[[#This Row],[Menge '[g']]],1000000) -> 3.7136842
A9: Milch | B9: 200 | D9: =IF(ROW()-5=$N$29,Meal1[[#Totals],[Massenanpassung]]*$N$31,Meal1[[#This Row],[Menge '[g']]]*$N$31) -> 145.05612 | E9: =Meal1[[#This Row],[Berechnete Menge '[g']]]*Input!$B$7 -> 580.22448 | F9: =Meal1[[#This Row],[Berechnete Menge '[g']]]*5.43 -> 787.65474 | G9: =IFERROR(VLOOKUP(Meal1[[#This Row],[Zutat '[Name aus Tabelle']]],Tabelle2[],11,FALSE)*Meal1[[#This Row],[Berechnete Menge '[g']]],"") -> 0.15230893 | H9: =IFERROR(Meal1[[#This Row],[Berechnete Menge '[g']]]*Meal1[[#This Row],[Kaloriendichte '[kcal/g']]],"") -> 92.835918 | I9: =IFERROR(Meal1[[#This Row],[Berechnete Menge '[g']]]*Meal1[[#This Row],[Proteindichte '[g/g']]],"") -> 5.0769642 | J9: =IFERROR(VLOOKUP(Meal1[[#This Row],[Zutat '[Name aus Tabelle']]],Tabelle2[],13,FALSE),"") -> 0.64 | K9: =IFERROR(VLOOKUP(Meal1[[#This Row],[Zutat '[Name aus Tabelle']]],Tabelle2[],14,FALSE),"") -> 0.035 | L9: =IFERROR(Meal1[[#This Row],[Kaloriendichte '[kcal/g']]]*Meal1[[#This Row],[Menge '[g']]],0) -> 128 | M9: =IFERROR(Meal1[[#This Row],[Proteindichte '[g/g']]]*Meal1[[#This Row],[Menge '[g']]],0) -> 7 | N9: =IFERROR(($N$28*(Meal1[[#Totals],[Kalorien vorher '[kcal']]]-Meal1[[#This Row],[Kalorien vorher '[kcal']]])-(Meal1[[#Totals],[Proteine vorher '[g']]]-Meal1[[#This Row],[Proteine vorher '[g']]]))/(Meal1[[#This Row],[Proteindichte '[g/g']]]-$N$28*Meal1[[#This Row],[Kaloriendichte '[kcal/g']]]),1000000) -> -1333.913 | O9: =IFERROR(ABS(Meal1[[#This Row],[Massenanpassung]]-Meal1[[#This Row],[Menge '[g']]])/Meal1[[#This Row],[Menge '[g']]],1000000) -> 7.6695652
A10: Mandeln | B10: 30 | D10: =IF(ROW()-5=$N$29,Meal1[[#Totals],[Massenanpassung]]*$N$31,Meal1[[#This Row],[Menge '[g']]]*$N$31) -> 21.758418 | E10: =Meal1[[#This Row],[Berechnete Menge '[g']]]*Input!$B$7 -> 87.033673 | F10: =Meal1[[#This Row],[Berechnete Menge '[g']]]*5.43 -> 118.14821 | G10: =IFERROR(VLOOKUP(Meal1[[#This Row],[Zutat '[Name aus Tabelle']]],Tabelle2[],11,FALSE)*Meal1[[#This Row],[Berechnete Menge '[g']]],"") -> 0.24913389 | H10: =IFERROR(Meal1[[#This Row],[Berechnete Menge '[g']]]*Meal1[[#This Row],[Kaloriendichte '[kcal/g']]],"") -> 134.68461 | I10: =IFERROR(Meal1[[#This Row],[Berechnete Menge '[g']]]*Meal1[[#This Row],[Proteindichte '[g/g']]],"") -> 5.2220204 | J10: =IFERROR(VLOOKUP(Meal1[[#This Row],[Zutat '[Name aus Tabelle']]],Tabelle2[],13,FALSE),"") -> 6.19 | K10: =IFERROR(VLOOKUP(Meal1[[#This Row],[Zutat '[Name aus Tabelle']]],Tabelle2[],14,FALSE),"") -> 0.24 | L10: =IFERROR(Meal1[[#This Row],[Kaloriendichte '[kcal/g']]]*Meal1[[#This Row],[Menge '[g']]],0) -> 185.7 | M10: =IFERROR(Meal1[[#This Row],[Proteindichte '[g/g']]]*Meal1[[#This Row],[Menge '[g']]],0) -> 7.2 | N10: =IFERROR(($N$28*(Meal1[[#Totals],[Kalorien vorher '[kcal']]]-Meal1[[#This Row],[Kalorien vorher '[kcal']]])-(Meal1[[#Totals],[Proteine vorher '[g']]]-Meal1[[#This Row],[Proteine vorher '[g']]]))/(Meal1[[#This Row],[Proteindichte '[g/g']]]-$N$28*Meal1[[#This Row],[Kaloriendichte '[kcal/g']]]),1000000) -> -38.108108 | O10: =IFERROR(ABS(Meal1[[#This Row],[Massenanpassung]]-Meal1[[#This Row],[Menge '[g']]])/Meal1[[#This Row],[Menge '[g']]],1000000) -> 2.2702703
A11: Honig | B11: 20 | D11: =IF(ROW()-5=$N$29,Meal1[[#Totals],[Massenanpassung]]*$N$31,Meal1[[#This Row],[Menge '[g']]]*$N$31) -> 14.505612 | E11: =Meal1[[#This Row],[Berechnete Menge '[g']]]*Input!$B$7 -> 58.022448 | F11: =Meal1[[#This Row],[Berechnete Menge '[g']]]*5.43 -> 78.765474 | G11: =IFERROR(VLOOKUP(Meal1[[#This Row],[Zutat '[Name aus Tabelle']]],Tabelle2[],11,FALSE)*Meal1[[#This Row],[Berechnete Menge '[g']]],"") -> 0.029011224 | H11: =IFERROR(Meal1[[#This Row],[Berechnete Menge '[g']]]*Meal1[[#This Row],[Kaloriendichte '[kcal/g']]],"") -> 48.013576 | I11: =IFERROR(Meal1[[#This Row],[Berechnete Menge '[g']]]*Meal1[[#This Row],[Proteindichte '[g/g']]],"") -> 0.072528061 | J11: =IFERROR(VLOOKUP(Meal1[[#This Row],[Zutat '[Name aus Tabelle']]],Tabelle2[],13,FALSE),"") -> 3.31 | K11: =IFERROR(VLOOKUP(Meal1[[#This Row],[Zutat '[Name aus Tabelle']]],Tabelle2[],14,FALSE),"") -> 0.005 | L11: =IFERROR(Meal1[[#This Row],[Kaloriendichte '[kcal/g']]]*Meal1[[#This Row],[Menge '[g']]],0) -> 66.2 | M11: =IFERROR(Meal1[[#This Row],[Proteindichte '[g/g']]]*Meal1[[#This Row],[Menge '[g']]],0) -> 0.1 | N11: =IFERROR(($N$28*(Meal1[[#Totals],[Kalorien vorher '[kcal']]]-Meal1[[#This Row],[Kalorien vorher '[kcal']]])-(Meal1[[#Totals],[Proteine vorher '[g']]]-Meal1[[#This Row],[Proteine vorher '[g']]]))/(Meal1[[#This Row],[Proteindichte '[g/g']]]-$N$28*Meal1[[#This Row],[Kaloriendichte '[kcal/g']]]),1000000) -> -34.528594 | O11: =IFERROR(ABS(Meal1[[#This Row],[Massenanpassung]]-Meal1[[#This Row],[Menge '[g']]])/Meal1[[#This Row],[Menge '[g']]],1000000) -> 2.7264297
D12: =IF(ROW()-5=$N$29,Meal1[[#Totals],[Massenanpassung]]*$N$31,Meal1[[#This Row],[Menge '[g']]]*$N$31) -> 0 | E12: =Meal1[[#This Row],[Berechnete Menge '[g']]]*Input!$B$7 -> 0 | F12: =Meal1[[#This Row],[Berechnete Menge '[g']]]*5.43 -> 0 | G12: =IFERROR(VLOOKUP(Meal1[[#This Row],[Zutat '[Name aus Tabelle']]],Tabelle2[],11,FALSE)*Meal1[[#This Row],[Berechnete Menge '[g']]],"") | H12: =IFERROR(Meal1[[#This Row],[Berechnete Menge '[g']]]*Meal1[[#This Row],[Kaloriendichte '[kcal/g']]],"") | I12: =IFERROR(Meal1[[#This Row],[Berechnete Menge '[g']]]*Meal1[[#This Row],[Proteindichte '[g/g']]],"") | J12: =IFERROR(VLOOKUP(Meal1[[#This Row],[Zutat '[Name aus Tabelle']]],Tabelle2[],13,FALSE),"") | K12: =IFERROR(VLOOKUP(Meal1[[#This Row],[Zutat '[Name aus Tabelle']]],Tabelle2[],14,FALSE),"") | L12: =IFERROR(Meal1[[#This Row],[Kaloriendichte '[kcal/g']]]*Meal1[[#This Row],[Menge '[g']]],0) -> 0 | M12: =IFERROR(Meal1[[#This Row],[Proteindichte '[g/g']]]*Meal1[[#This Row],[Menge '[g']]],0) -> 0 | N12: =IFERROR(($N$28*(Meal1[[#Totals],[Kalorien vorher '[kcal']]]-Meal1[[#This Row],[Kalorien vorher '[kcal']]])-(Meal1[[#Totals],[Proteine vorher '[g']]]-Meal1[[#This Row],[Proteine vorher '[g']]]))/(Meal1[[#This Row],[Proteindichte '[g/g']]]-$N$28*Meal1[[#This Row],[Kaloriendichte '[kcal/g']]]),1000000) -> 1000000 | O12: =IFERROR(ABS(Meal1[[#This Row],[Massenanpassung]]-Meal1[[#This Row],[Menge '[g']]])/Meal1[[#This Row],[Menge '[g']]],1000000) -> 1000000
D13: =IF(ROW()-5=$N$29,Meal1[[#Totals],[Massenanpassung]]*$N$31,Meal1[[#This Row],[Menge '[g']]]*$N$31) -> 0 | E13: =Meal1[[#This Row],[Berechnete Menge '[g']]]*Input!$B$7 -> 0 | F13: =Meal1[[#This Row],[Berechnete Menge '[g']]]*5.43 -> 0 | G13: =IFERROR(VLOOKUP(Meal1[[#This Row],[Zutat '[Name aus Tabelle']]],Tabelle2[],11,FALSE)*Meal1[[#This Row],[Berechnete Menge '[g']]],"") | H13: =IFERROR(Meal1[[#This Row],[Berechnete Menge '[g']]]*Meal1[[#This Row],[Kaloriendichte '[kcal/g']]],"") | I13: =IFERROR(Meal1[[#This Row],[Berechnete Menge '[g']]]*Meal1[[#This Row],[Proteindichte '[g/g']]],"") | J13: =IFERROR(VLOOKUP(Meal1[[#This Row],[Zutat '[Name aus Tabelle']]],Tabelle2[],13,FALSE),"") | K13: =IFERROR(VLOOKUP(Meal1[[#This Row],[Zutat '[Name aus Tabelle']]],Tabelle2[],14,FALSE),"") | L13: =IFERROR(Meal1[[#This Row],[Kaloriendichte '[kcal/g']]]*Meal1[[#This Row],[Menge '[g']]],0) -> 0 | M13: =IFERROR(Meal1[[#This Row],[Proteindichte '[g/g']]]*Meal1[[#This Row],[Menge '[g']]],0) -> 0 | N13: =IFERROR(($N$28*(Meal1[[#Totals],[Kalorien vorher '[kcal']]]-Meal1[[#This Row],[Kalorien vorher '[kcal']]])-(Meal1[[#Totals],[Proteine vorher '[g']]]-Meal1[[#This Row],[Proteine vorher '[g']]]))/(Meal1[[#This Row],[Proteindichte '[g/g']]]-$N$28*Meal1[[#This Row],[Kaloriendichte '[kcal/g']]]),1000000) -> 1000000 | O13: =IFERROR(ABS(Meal1[[#This Row],[Massenanpassung]]-Meal1[[#This Row],[Menge '[g']]])/Meal1[[#This Row],[Menge '[g']]],1000000) -> 1000000
D14: =IF(ROW()-5=$N$29,Meal1[[#Totals],[Massenanpassung]]*$N$31,Meal1[[#This Row],[Menge '[g']]]*$N$31) -> 0 | E14: =Meal1[[#This Row],[Berechnete Menge '[g']]]*Input!$B$7 -> 0 | F14: =Meal1[[#This Row],[Berechnete Menge '[g']]]*5.43 -> 0 | G14: =IFERROR(VLOOKUP(Meal1[[#This Row],[Zutat '[Name aus Tabelle']]],Tabelle2[],11,FALSE)*Meal1[[#This Row],[Berechnete Menge '[g']]],"") | H14: =IFERROR(Meal1[[#This Row],[Berechnete Menge '[g']]]*Meal1[[#This Row],[Kaloriendichte '[kcal/g']]],"") | I14: =IFERROR(Meal1[[#This Row],[Berechnete Menge '[g']]]*Meal1[[#This Row],[Proteindichte '[g/g']]],"") | J14: =IFERROR(VLOOKUP(Meal1[[#This Row],[Zutat '[Name aus Tabelle']]],Tabelle2[],13,FALSE),"") | K14: =IFERROR(VLOOKUP(Meal1[[#This Row],[Zutat '[Name aus Tabelle']]],Tabelle2[],14,FALSE),"") | L14: =IFERROR(Meal1[[#This Row],[Kaloriendichte '[kcal/g']]]*Meal1[[#This Row],[Menge '[g']]],0) -> 0 | M14: =IFERROR(Meal1[[#This Row],[Proteindichte '[g/g']]]*Meal1[[#This Row],[Menge '[g']]],0) -> 0 | N14: =IFERROR(($N$28*(Meal1[[#Totals],[Kalorien vorher '[kcal']]]-Meal1[[#This Row],[Kalorien vorher '[kcal']]])-(Meal1[[#Totals],[Proteine vorher '[g']]]-Meal1[[#This Row],[Proteine vorher '[g']]]))/(Meal1[[#This Row],[Proteindichte '[g/g']]]-$N$28*Meal1[[#This Row],[Kaloriendichte '[kcal/g']]]),1000000) -> 1000000 | O14: =IFERROR(ABS(Meal1[[#This Row],[Massenanpassung]]-Meal1[[#This Row],[Menge '[g']]])/Meal1[[#This Row],[Menge '[g']]],1000000) -> 1000000
D15: =IF(ROW()-5=$N$29,Meal1[[#Totals],[Massenanpassung]]*$N$31,Meal1[[#This Row],[Menge '[g']]]*$N$31) -> 0 | E15: =Meal1[[#This Row],[Berechnete Menge '[g']]]*Input!$B$7 -> 0 | F15: =Meal1[[#This Row],[Berechnete Menge '[g']]]*5.43 -> 0 | G15: =IFERROR(VLOOKUP(Meal1[[#This Row],[Zutat '[Name aus Tabelle']]],Tabelle2[],11,FALSE)*Meal1[[#This Row],[Berechnete Menge '[g']]],"") | H15: =IFERROR(Meal1[[#This Row],[Berechnete Menge '[g']]]*Meal1[[#This Row],[Kaloriendichte '[kcal/g']]],"") | I15: =IFERROR(Meal1[[#This Row],[Berechnete Menge '[g']]]*Meal1[[#This Row],[Proteindichte '[g/g']]],"") | J15: =IFERROR(VLOOKUP(Meal1[[#This Row],[Zutat '[Name aus Tabelle']]],Tabelle2[],13,FALSE),"") | K15: =IFERROR(VLOOKUP(Meal1[[#This Row],[Zutat '[Name aus Tabelle']]],Tabelle2[],14,FALSE),"") | L15: =IFERROR(Meal1[[#This Row],[Kaloriendichte '[kcal/g']]]*Meal1[[#This Row],[Menge '[g']]],0) -> 0 | M15: =IFERROR(Meal1[[#This Row],[Proteindichte '[g/g']]]*Meal1[[#This Row],[Menge '[g']]],0) -> 0 | N15: =IFERROR(($N$28*(Meal1[[#Totals],[Kalorien vorher '[kcal']]]-Meal1[[#This Row],[Kalorien vorher '[kcal']]])-(Meal1[[#Totals],[Proteine vorher '[g']]]-Meal1[[#This Row],[Proteine vorher '[g']]]))/(Meal1[[#This Row],[Proteindichte '[g/g']]]-$N$28*Meal1[[#This Row],[Kaloriendichte '[kcal/g']]]),1000000) -> 1000000 | O15: =IFERROR(ABS(Meal1[[#This Row],[Massenanpassung]]-Meal1[[#This Row],[Menge '[g']]])/Meal1[[#This Row],[Menge '[g']]],1000000) -> 1000000
D16: =IF(ROW()-5=$N$29,Meal1[[#Totals],[Massenanpassung]]*$N$31,Meal1[[#This Row],[Menge '[g']]]*$N$31) -> 0 | E16: =Meal1[[#This Row],[Berechnete Menge '[g']]]*Input!$B$7 -> 0 | F16: =Meal1[[#This Row],[Berechnete Menge '[g']]]*5.43 -> 0 | G16: =IFERROR(VLOOKUP(Meal1[[#This Row],[Zutat '[Name aus Tabelle']]],Tabelle2[],11,FALSE)*Meal1[[#This Row],[Berechnete Menge '[g']]],"") | H16: =IFERROR(Meal1[[#This Row],[Berechnete Menge '[g']]]*Meal1[[#This Row],[Kaloriendichte '[kcal/g']]],"") | I16: =IFERROR(Meal1[[#This Row],[Berechnete Menge '[g']]]*Meal1[[#This Row],[Proteindichte '[g/g']]],"") | J16: =IFERROR(VLOOKUP(Meal1[[#This Row],[Zutat '[Name aus Tabelle']]],Tabelle2[],13,FALSE),"") | K16: =IFERROR(VLOOKUP(Meal1[[#This Row],[Zutat '[Name aus Tabelle']]],Tabelle2[],14,FALSE),"") | L16: =IFERROR(Meal1[[#This Row],[Kaloriendichte '[kcal/g']]]*Meal1[[#This Row],[Menge '[g']]],0) -> 0 | M16: =IFERROR(Meal1[[#This Row],[Proteindichte '[g/g']]]*Meal1[[#This Row],[Menge '[g']]],0) -> 0 | N16: =IFERROR(($N$28*(Meal1[[#Totals],[Kalorien vorher '[kcal']]]-Meal1[[#This Row],[Kalorien vorher '[kcal']]])-(Meal1[[#Totals],[Proteine vorher '[g']]]-Meal1[[#This Row],[Proteine vorher '[g']]]))/(Meal1[[#This Row],[Proteindichte '[g/g']]]-$N$28*Meal1[[#This Row],[Kaloriendichte '[kcal/g']]]),1000000) -> 1000000 | O16: =IFERROR(ABS(Meal1[[#This Row],[Massenanpassung]]-Meal1[[#This Row],[Menge '[g']]])/Meal1[[#This Row],[Menge '[g']]],1000000) -> 1000000
D17: =IF(ROW()-5=$N$29,Meal1[[#Totals],[Massenanpassung]]*$N$31,Meal1[[#This Row],[Menge '[g']]]*$N$31) -> 0 | E17: =Meal1[[#This Row],[Berechnete Menge '[g']]]*Input!$B$7 -> 0 | F17: =Meal1[[#This Row],[Berechnete Menge '[g']]]*5.43 -> 0 | G17: =IFERROR(VLOOKUP(Meal1[[#This Row],[Zutat '[Name aus Tabelle']]],Tabelle2[],11,FALSE)*Meal1[[#This Row],[Berechnete Menge '[g']]],"") | H17: =IFERROR(Meal1[[#This Row],[Berechnete Menge '[g']]]*Meal1[[#This Row],[Kaloriendichte '[kcal/g']]],"") | I17: =IFERROR(Meal1[[#This Row],[Berechnete Menge '[g']]]*Meal1[[#This Row],[Proteindichte '[g/g']]],"") | J17: =IFERROR(VLOOKUP(Meal1[[#This Row],[Zutat '[Name aus Tabelle']]],Tabelle2[],13,FALSE),"") | K17: =IFERROR(VLOOKUP(Meal1[[#This Row],[Zutat '[Name aus Tabelle']]],Tabelle2[],14,FALSE),"") | L17: =IFERROR(Meal1[[#This Row],[Kaloriendichte '[kcal/g']]]*Meal1[[#This Row],[Menge '[g']]],0) -> 0 | M17: =IFERROR(Meal1[[#This Row],[Proteindichte '[g/g']]]*Meal1[[#This Row],[Menge '[g']]],0) -> 0 | N17: =IFERROR(($N$28*(Meal1[[#Totals],[Kalorien vorher '[kcal']]]-Meal1[[#This Row],[Kalorien vorher '[kcal']]])-(Meal1[[#Totals],[Proteine vorher '[g']]]-Meal1[[#This Row],[Proteine vorher '[g']]]))/(Meal1[[#This Row],[Proteindichte '[g/g']]]-$N$28*Meal1[[#This Row],[Kaloriendichte '[kcal/g']]]),1000000) -> 1000000 | O17: =IFERROR(ABS(Meal1[[#This Row],[Massenanpassung]]-Meal1[[#This Row],[Menge '[g']]])/Meal1[[#This Row],[Menge '[g']]],1000000) -> 1000000
D18: =IF(ROW()-5=$N$29,Meal1[[#Totals],[Massenanpassung]]*$N$31,Meal1[[#This Row],[Menge '[g']]]*$N$31) -> 0 | E18: =Meal1[[#This Row],[Berechnete Menge '[g']]]*Input!$B$7 -> 0 | F18: =Meal1[[#This Row],[Berechnete Menge '[g']]]*5.43 -> 0 | G18: =IFERROR(VLOOKUP(Meal1[[#This Row],[Zutat '[Name aus Tabelle']]],Tabelle2[],11,FALSE)*Meal1[[#This Row],[Berechnete Menge '[g']]],"") | H18: =IFERROR(Meal1[[#This Row],[Berechnete Menge '[g']]]*Meal1[[#This Row],[Kaloriendichte '[kcal/g']]],"") | I18: =IFERROR(Meal1[[#This Row],[Berechnete Menge '[g']]]*Meal1[[#This Row],[Proteindichte '[g/g']]],"") | J18: =IFERROR(VLOOKUP(Meal1[[#This Row],[Zutat '[Name aus Tabelle']]],Tabelle2[],13,FALSE),"") | K18: =IFERROR(VLOOKUP(Meal1[[#This Row],[Zutat '[Name aus Tabelle']]],Tabelle2[],14,FALSE),"") | L18: =IFERROR(Meal1[[#This Row],[Kaloriendichte '[kcal/g']]]*Meal1[[#This Row],[Menge '[g']]],0) -> 0 | M18: =IFERROR(Meal1[[#This Row],[Proteindichte '[g/g']]]*Meal1[[#This Row],[Menge '[g']]],0) -> 0 | N18: =IFERROR(($N$28*(Meal1[[#Totals],[Kalorien vorher '[kcal']]]-Meal1[[#This Row],[Kalorien vorher '[kcal']]])-(Meal1[[#Totals],[Proteine vorher '[g']]]-Meal1[[#This Row],[Proteine vorher '[g']]]))/(Meal1[[#This Row],[Proteindichte '[g/g']]]-$N$28*Meal1[[#This Row],[Kaloriendichte '[kcal/g']]]),1000000) -> 1000000 | O18: =IFERROR(ABS(Meal1[[#This Row],[Massenanpassung]]-Meal1[[#This Row],[Menge '[g']]])/Meal1[[#This Row],[Menge '[g']]],1000000) -> 1000000
D19: =IF(ROW()-5=$N$29,Meal1[[#Totals],[Massenanpassung]]*$N$31,Meal1[[#This Row],[Menge '[g']]]*$N$31) -> 0 | E19: =Meal1[[#This Row],[Berechnete Menge '[g']]]*Input!$B$7 -> 0 | F19: =Meal1[[#This Row],[Berechnete Menge '[g']]]*5.43 -> 0 | G19: =IFERROR(VLOOKUP(Meal1[[#This Row],[Zutat '[Name aus Tabelle']]],Tabelle2[],11,FALSE)*Meal1[[#This Row],[Berechnete Menge '[g']]],"") | H19: =IFERROR(Meal1[[#This Row],[Berechnete Menge '[g']]]*Meal1[[#This Row],[Kaloriendichte '[kcal/g']]],"") | I19: =IFERROR(Meal1[[#This Row],[Berechnete Menge '[g']]]*Meal1[[#This Row],[Proteindichte '[g/g']]],"") | J19: =IFERROR(VLOOKUP(Meal1[[#This Row],[Zutat '[Name aus Tabelle']]],Tabelle2[],13,FALSE),"") | K19: =IFERROR(VLOOKUP(Meal1[[#This Row],[Zutat '[Name aus Tabelle']]],Tabelle2[],14,FALSE),"") | L19: =IFERROR(Meal1[[#This Row],[Kaloriendichte '[kcal/g']]]*Meal1[[#This Row],[Menge '[g']]],0) -> 0 | M19: =IFERROR(Meal1[[#This Row],[Proteindichte '[g/g']]]*Meal1[[#This Row],[Menge '[g']]],0) -> 0 | N19: =IFERROR(($N$28*(Meal1[[#Totals],[Kalorien vorher '[kcal']]]-Meal1[[#This Row],[Kalorien vorher '[kcal']]])-(Meal1[[#Totals],[Proteine vorher '[g']]]-Meal1[[#This Row],[Proteine vorher '[g']]]))/(Meal1[[#This Row],[Proteindichte '[g/g']]]-$N$28*Meal1[[#This Row],[Kaloriendichte '[kcal/g']]]),1000000) -> 1000000 | O19: =IFERROR(ABS(Meal1[[#This Row],[Massenanpassung]]-Meal1[[#This Row],[Menge '[g']]])/Meal1[[#This Row],[Menge '[g']]],1000000) -> 1000000
D20: =IF(ROW()-5=$N$29,Meal1[[#Totals],[Massenanpassung]]*$N$31,Meal1[[#This Row],[Menge '[g']]]*$N$31) -> 0 | E20: =Meal1[[#This Row],[Berechnete Menge '[g']]]*Input!$B$7 -> 0 | F20: =Meal1[[#This Row],[Berechnete Menge '[g']]]*5.43 -> 0 | G20: =IFERROR(VLOOKUP(Meal1[[#This Row],[Zutat '[Name aus Tabelle']]],Tabelle2[],11,FALSE)*Meal1[[#This Row],[Berechnete Menge '[g']]],"") | H20: =IFERROR(Meal1[[#This Row],[Berechnete Menge '[g']]]*Meal1[[#This Row],[Kaloriendichte '[kcal/g']]],"") | I20: =IFERROR(Meal1[[#This Row],[Berechnete Menge '[g']]]*Meal1[[#This Row],[Proteindichte '[g/g']]],"") | J20: =IFERROR(VLOOKUP(Meal1[[#This Row],[Zutat '[Name aus Tabelle']]],Tabelle2[],13,FALSE),"") | K20: =IFERROR(VLOOKUP(Meal1[[#This Row],[Zutat '[Name aus Tabelle']]],Tabelle2[],14,FALSE),"") | L20: =IFERROR(Meal1[[#This Row],[Kaloriendichte '[kcal/g']]]*Meal1[[#This Row],[Menge '[g']]],0) -> 0 | M20: =IFERROR(Meal1[[#This Row],[Proteindichte '[g/g']]]*Meal1[[#This Row],[Menge '[g']]],0) -> 0 | N20: =IFERROR(($N$28*(Meal1[[#Totals],[Kalorien vorher '[kcal']]]-Meal1[[#This Row],[Kalorien vorher '[kcal']]])-(Meal1[[#Totals],[Proteine vorher '[g']]]-Meal1[[#This Row],[Proteine vorher '[g']]]))/(Meal1[[#This Row],[Proteindichte '[g/g']]]-$N$28*Meal1[[#This Row],[Kaloriendichte '[kcal/g']]]),1000000) -> 1000000 | O20: =IFERROR(ABS(Meal1[[#This Row],[Massenanpassung]]-Meal1[[#This Row],[Menge '[g']]])/Meal1[[#This Row],[Menge '[g']]],1000000) -> 1000000
D21: =IF(ROW()-5=$N$29,Meal1[[#Totals],[Massenanpassung]]*$N$31,Meal1[[#This Row],[Menge '[g']]]*$N$31) -> 0 | E21: =Meal1[[#This Row],[Berechnete Menge '[g']]]*Input!$B$7 -> 0 | F21: =Meal1[[#This Row],[Berechnete Menge '[g']]]*5.43 -> 0 | G21: =IFERROR(VLOOKUP(Meal1[[#This Row],[Zutat '[Name aus Tabelle']]],Tabelle2[],11,FALSE)*Meal1[[#This Row],[Berechnete Menge '[g']]],"") | H21: =IFERROR(Meal1[[#This Row],[Berechnete Menge '[g']]]*Meal1[[#This Row],[Kaloriendichte '[kcal/g']]],"") | I21: =IFERROR(Meal1[[#This Row],[Berechnete Menge '[g']]]*Meal1[[#This Row],[Proteindichte '[g/g']]],"") | J21: =IFERROR(VLOOKUP(Meal1[[#This Row],[Zutat '[Name aus Tabelle']]],Tabelle2[],13,FALSE),"") | K21: =IFERROR(VLOOKUP(Meal1[[#This Row],[Zutat '[Name aus Tabelle']]],Tabelle2[],14,FALSE),"") | L21: =IFERROR(Meal1[[#This Row],[Kaloriendichte '[kcal/g']]]*Meal1[[#This Row],[Menge '[g']]],0) -> 0 | M21: =IFERROR(Meal1[[#This Row],[Proteindichte '[g/g']]]*Meal1[[#This Row],[Menge '[g']]],0) -> 0 | N21: =IFERROR(($N$28*(Meal1[[#Totals],[Kalorien vorher '[kcal']]]-Meal1[[#This Row],[Kalorien vorher '[kcal']]])-(Meal1[[#Totals],[Proteine vorher '[g']]]-Meal1[[#This Row],[Proteine vorher '[g']]]))/(Meal1[[#This Row],[Proteindichte '[g/g']]]-$N$28*Meal1[[#This Row],[Kaloriendichte '[kcal/g']]]),1000000) -> 1000000 | O21: =IFERROR(ABS(Meal1[[#This Row],[Massenanpassung]]-Meal1[[#This Row],[Menge '[g']]])/Meal1[[#This Row],[Menge '[g']]],1000000) -> 1000000
D22: =IF(ROW()-5=$N$29,Meal1[[#Totals],[Massenanpassung]]*$N$31,Meal1[[#This Row],[Menge '[g']]]*$N$31) -> 0 | E22: =Meal1[[#This Row],[Berechnete Menge '[g']]]*Input!$B$7 -> 0 | F22: =Meal1[[#This Row],[Berechnete Menge '[g']]]*5.43 -> 0 | G22: =IFERROR(VLOOKUP(Meal1[[#This Row],[Zutat '[Name aus Tabelle']]],Tabelle2[],11,FALSE)*Meal1[[#This Row],[Berechnete Menge '[g']]],"") | H22: =IFERROR(Meal1[[#This Row],[Berechnete Menge '[g']]]*Meal1[[#This Row],[Kaloriendichte '[kcal/g']]],"") | I22: =IFERROR(Meal1[[#This Row],[Berechnete Menge '[g']]]*Meal1[[#This Row],[Proteindichte '[g/g']]],"") | J22: =IFERROR(VLOOKUP(Meal1[[#This Row],[Zutat '[Name aus Tabelle']]],Tabelle2[],13,FALSE),"") | K22: =IFERROR(VLOOKUP(Meal1[[#This Row],[Zutat '[Name aus Tabelle']]],Tabelle2[],14,FALSE),"") | L22: =IFERROR(Meal1[[#This Row],[Kaloriendichte '[kcal/g']]]*Meal1[[#This Row],[Menge '[g']]],0) -> 0 | M22: =IFERROR(Meal1[[#This Row],[Proteindichte '[g/g']]]*Meal1[[#This Row],[Menge '[g']]],0) -> 0 | N22: =IFERROR(($N$28*(Meal1[[#Totals],[Kalorien vorher '[kcal']]]-Meal1[[#This Row],[Kalorien vorher '[kcal']]])-(Meal1[[#Totals],[Proteine vorher '[g']]]-Meal1[[#This Row],[Proteine vorher '[g']]]))/(Meal1[[#This Row],[Proteindichte '[g/g']]]-$N$28*Meal1[[#This Row],[Kaloriendichte '[kcal/g']]]),1000000) -> 1000000 | O22: =IFERROR(ABS(Meal1[[#This Row],[Massenanpassung]]-Meal1[[#This Row],[Menge '[g']]])/Meal1[[#This Row],[Menge '[g']]],1000000) -> 1000000
D23: =IF(ROW()-5=$N$29,Meal1[[#Totals],[Massenanpassung]]*$N$31,Meal1[[#This Row],[Menge '[g']]]*$N$31) -> 0 | E23: =Meal1[[#This Row],[Berechnete Menge '[g']]]*Input!$B$7 -> 0 | F23: =Meal1[[#This Row],[Berechnete Menge '[g']]]*5.43 -> 0 | G23: =IFERROR(VLOOKUP(Meal1[[#This Row],[Zutat '[Name aus Tabelle']]],Tabelle2[],11,FALSE)*Meal1[[#This Row],[Berechnete Menge '[g']]],"") | H23: =IFERROR(Meal1[[#This Row],[Berechnete Menge '[g']]]*Meal1[[#This Row],[Kaloriendichte '[kcal/g']]],"") | I23: =IFERROR(Meal1[[#This Row],[Berechnete Menge '[g']]]*Meal1[[#This Row],[Proteindichte '[g/g']]],"") | J23: =IFERROR(VLOOKUP(Meal1[[#This Row],[Zutat '[Name aus Tabelle']]],Tabelle2[],13,FALSE),"") | K23: =IFERROR(VLOOKUP(Meal1[[#This Row],[Zutat '[Name aus Tabelle']]],Tabelle2[],14,FALSE),"") | L23: =IFERROR(Meal1[[#This Row],[Kaloriendichte '[kcal/g']]]*Meal1[[#This Row],[Menge '[g']]],0) -> 0 | M23: =IFERROR(Meal1[[#This Row],[Proteindichte '[g/g']]]*Meal1[[#This Row],[Menge '[g']]],0) -> 0 | N23: =IFERROR(($N$28*(Meal1[[#Totals],[Kalorien vorher '[kcal']]]-Meal1[[#This Row],[Kalorien vorher '[kcal']]])-(Meal1[[#Totals],[Proteine vorher '[g']]]-Meal1[[#This Row],[Proteine vorher '[g']]]))/(Meal1[[#This Row],[Proteindichte '[g/g']]]-$N$28*Meal1[[#This Row],[Kaloriendichte '[kcal/g']]]),1000000) -> 1000000 | O23: =IFERROR(ABS(Meal1[[#This Row],[Massenanpassung]]-Meal1[[#This Row],[Menge '[g']]])/Meal1[[#This Row],[Menge '[g']]],1000000) -> 1000000
... D26: =IF(ROW()-5=$N$29,Meal1[[#Totals],[Massenanpassung]]*$N$31,Meal1[[#This Row],[Menge '[g']]]*$N$31) -> 0 | E26: =Meal1[[#This Row],[Berechnete Menge '[g']]]*Input!$B$7 -> 0 | F26: =Meal1[[#This Row],[Berechnete Menge '[g']]]*5.43 -> 0 | G26: =IFERROR(VLOOKUP(Meal1[[#This Row],[Zutat '[Name aus Tabelle']]],Tabelle2[],11,FALSE)*Meal1[[#This Row],[Berechnete Menge '[g']]],"") | H26: =IFERROR(Meal1[[#This Row],[Berechnete Menge '[g']]]*Meal1[[#This Row],[Kaloriendichte '[kcal/g']]],"") | I26: =IFERROR(Meal1[[#This Row],[Berechnete Menge '[g']]]*Meal1[[#This Row],[Proteindichte '[g/g']]],"") | J26: =IFERROR(VLOOKUP(Meal1[[#This Row],[Zutat '[Name aus Tabelle']]],Tabelle2[],13,FALSE),"") | K26: =IFERROR(VLOOKUP(Meal1[[#This Row],[Zutat '[Name aus Tabelle']]],Tabelle2[],14,FALSE),"") | L26: =IFERROR(Meal1[[#This Row],[Kaloriendichte '[kcal/g']]]*Meal1[[#This Row],[Menge '[g']]],0) -> 0 | M26: =IFERROR(Meal1[[#This Row],[Proteindichte '[g/g']]]*Meal1[[#This Row],[Menge '[g']]],0) -> 0 | N26: =IFERROR(($N$28*(Meal1[[#Totals],[Kalorien vorher '[kcal']]]-Meal1[[#This Row],[Kalorien vorher '[kcal']]])-(Meal1[[#Totals],[Proteine vorher '[g']]]-Meal1[[#This Row],[Proteine vorher '[g']]]))/(Meal1[[#This Row],[Proteindichte '[g/g']]]-$N$28*Meal1[[#This Row],[Kaloriendichte '[kcal/g']]]),1000000) -> 1000000 | O26: =IFERROR(ABS(Meal1[[#This Row],[Massenanpassung]]-Meal1[[#This Row],[Menge '[g']]])/Meal1[[#This Row],[Menge '[g']]],1000000) -> 1000000
A27: Ergebnis | G27: =SUBTOTAL(109,Meal1[Kosten '[€']]) -> 1.4555375 | H27: =SUBTOTAL(109,Meal1[Kalorien '[kcal']]) -> 750 | I27: =SUBTOTAL(109,Meal1[Proteine '[g']]) -> 50 | L27: =SUBTOTAL(109,Meal1[Kalorien vorher '[kcal']]) -> 927.9 | M27: =SUBTOTAL(109,Meal1[Proteine vorher '[g']]) -> 50.1 | N27: {=INDEX(Meal1[Massenanpassung],N29)} -> 371.26214 | O27: {=MIN(IF(Meal1[Massenanpassung]<0,"",Meal1[Relative Abweichung]))} -> 0.85631068
F28: Übrige Kalorien/Proteine: | H28: =Input!B4-Meal1[[#Totals],[Kalorien '[kcal']]] -> 2250 | I28: =Input!B5-Meal1[[#Totals],[Proteine '[g']]] -> 150 | M28: P_soll/K_soll | N28: =K4/K3 -> 0.066666667
M29: min rel. Abw. Zeile | N29: =MATCH(Meal1[[#Totals],[Relative Abweichung]],Meal1[Relative Abweichung],0) -> 2
M30: K_ges mit neuer Masse | N30: {=Meal1[[#Totals],[Kalorien vorher '[kcal']]]-INDEX(Meal1[Kalorien vorher '[kcal']],N29)+Meal1[[#Totals],[Massenanpassung]]*INDEX(Meal1[Kaloriendichte '[kcal/g']],N29)} -> 1034.0825
M31: skal. Faktor für Massen | N31: =K3/N30 -> 0.72528061

Sheet Meal 2
A1: Meal 2
A3: Kalorienbedarf [kcal]: | K3: =IF(ISBLANK(B3),'Meal 1'!H28/(Input!B7-1),B3) -> 750
A4: Proteinbedarf [g]: | K4: =IF(ISBLANK(B4),'Meal 1'!I28/(Input!B6-1),B4) -> 50
A5: Zutat [Name aus Tabelle] | B5: Menge [g] | C5: Spalte1 | D5: Berechnete Menge [g] | E5: Gesamtmenge [g] | F5: Skal. Gesamtmenge [g] | G5: Kosten [€] | H5: Kalorien [kcal] | I5: Proteine [g] | J5: Kaloriendichte [kcal/g] | K5: Proteindichte [g/g] | L5: Kalorien vorher [kcal] | M5: Proteine vorher [g] | N5: Massenanpassung | O5: Relative Abweichung
A6: Rinderhackfleisch | B6: 200 | D6: =IF(ROW()-5=$N$29,Meal2[[#Totals],[Massenanpassung]]*$N$31,Meal2[[#This Row],[Menge '[g']]]*$N$31) -> 176.08896 | E6: =Meal2[[#This Row],[Berechnete Menge '[g']]]*Input!$B$7 -> 704.35586 | F6: =IFERROR(Meal2[[#This Row],[Gesamtmenge '[g']]]*$L$36,"-") -> - | G6: =IFERROR(VLOOKUP(Meal2[[#This Row],[Zutat '[Name aus Tabelle']]],Tabelle2[],11,FALSE)*Meal2[[#This Row],[Berechnete Menge '[g']]],"") -> 2.1086653 | H6: =IFERROR(Meal2[[#This Row],[Berechnete Menge '[g']]]*Meal2[[#This Row],[Kaloriendichte '[kcal/g']]],"") -> 413.80907 | I6: =IFERROR(Meal2[[#This Row],[Berechnete Menge '[g']]]*Meal2[[#This Row],[Proteindichte '[g/g']]],"") -> 35.217793 | J6: =IFERROR(VLOOKUP(Meal2[[#This Row],[Zutat '[Name aus Tabelle']]],Tabelle2[],13,FALSE),"") -> 2.35 | K6: =IFERROR(VLOOKUP(Meal2[[#This Row],[Zutat '[Name aus Tabelle']]],Tabelle2[],14,FALSE),"") -> 0.2 | L6: =IFERROR(Meal2[[#This Row],[Kaloriendichte '[kcal/g']]]*Meal2[[#This Row],[Menge '[g']]],0) -> 470 | M6: =IFERROR(Meal2[[#This Row],[Proteindichte '[g/g']]]*Meal2[[#This Row],[Menge '[g']]],0) -> 40 | N6: =IFERROR(($N$28*(Meal2[[#Totals],[Kalorien vorher '[kcal']]]-Meal2[[#This Row],[Kalorien vorher '[kcal']]])-(Meal2[[#Totals],[Proteine vorher '[g']]]-Meal2[[#This Row],[Proteine vorher '[g']]]))/(Meal2[[#This Row],[Proteindichte '[g/g']]]-$N$28*Meal2[[#This Row],[Kaloriendichte '[kcal/g']]]),1000000) -> 169.28462 | O6: =IFERROR(ABS(Meal2[[#This Row],[Massenanpassung]]-Meal2[[#This Row],[Menge '[g']]])/Meal2[[#This Row],[Menge '[g']]],1000000) -> 0.15357692
A7: Grüne Bohnen | B7: 170 | D7: =IF(ROW()-5=$N$29,Meal2[[#Totals],[Massenanpassung]]*$N$31,Meal2[[#This Row],[Menge '[g']]]*$N$31) -> 176.8331 | E7: =Meal2[[#This Row],[Berechnete Menge '[g']]]*Input!$B$7 -> 707.33241 | F7: =IFERROR(Meal2[[#This Row],[Gesamtmenge '[g']]]*$L$36,"-") -> - | G7: =IFERROR(VLOOKUP(Meal2[[#This Row],[Zutat '[Name aus Tabelle']]],Tabelle2[],11,FALSE)*Meal2[[#This Row],[Berechnete Menge '[g']]],"") -> 1.0123695 | H7: =IFERROR(Meal2[[#This Row],[Berechnete Menge '[g']]]*Meal2[[#This Row],[Kaloriendichte '[kcal/g']]],"") -> 54.818262 | I7: =IFERROR(Meal2[[#This Row],[Berechnete Menge '[g']]]*Meal2[[#This Row],[Proteindichte '[g/g']]],"") -> 3.2360458 | J7: =IFERROR(VLOOKUP(Meal2[[#This Row],[Zutat '[Name aus Tabelle']]],Tabelle2[],13,FALSE),"") -> 0.31 | K7: =IFERROR(VLOOKUP(Meal2[[#This Row],[Zutat '[Name aus Tabelle']]],Tabelle2[],14,FALSE),"") -> 0.0183 | L7: =IFERROR(Meal2[[#This Row],[Kaloriendichte '[kcal/g']]]*Meal2[[#This Row],[Menge '[g']]],0) -> 52.7 | M7: =IFERROR(Meal2[[#This Row],[Proteindichte '[g/g']]]*Meal2[[#This Row],[Menge '[g']]],0) -> 3.111 | N7: =IFERROR(($N$28*(Meal2[[#Totals],[Kalorien vorher '[kcal']]]-Meal2[[#This Row],[Kalorien vorher '[kcal']]])-(Meal2[[#Totals],[Proteine vorher '[g']]]-Meal2[[#This Row],[Proteine vorher '[g']]]))/(Meal2[[#This Row],[Proteindichte '[g/g']]]-$N$28*Meal2[[#This Row],[Kaloriendichte '[kcal/g']]]),1000000) -> 732.39437 | O7: =IFERROR(ABS(Meal2[[#This Row],[Massenanpassung]]-Meal2[[#This Row],[Menge '[g']]])/Meal2[[#This Row],[Menge '[g']]],1000000) -> 3.3082022
A8: Kartoffeln | B8: 200 | D8: =IF(ROW()-5=$N$29,Meal2[[#Totals],[Massenanpassung]]*$N$31,Meal2[[#This Row],[Menge '[g']]]*$N$31) -> 208.03894 | E8: =Meal2[[#This Row],[Berechnete Menge '[g']]]*Input!$B$7 -> 832.15578 | F8: =IFERROR(Meal2[[#This Row],[Gesamtmenge '[g']]]*$L$36,"-") -> - | G8: =IFERROR(VLOOKUP(Meal2[[#This Row],[Zutat '[Name aus Tabelle']]],Tabelle2[],11,FALSE)*Meal2[[#This Row],[Berechnete Menge '[g']]],"") -> 0.24860654 | H8: =IFERROR(Meal2[[#This Row],[Berechnete Menge '[g']]]*Meal2[[#This Row],[Kaloriendichte '[kcal/g']]],"") -> 143.54687 | I8: =IFERROR(Meal2[[#This Row],[Berechnete Menge '[g']]]*Meal2[[#This Row],[Proteindichte '[g/g']]],"") -> 4.1607789 | J8: =IFERROR(VLOOKUP(Meal2[[#This Row],[Zutat '[Name aus Tabelle']]],Tabelle2[],13,FALSE),"") -> 0.69 | K8: =IFERROR(VLOOKUP(Meal2[[#This Row],[Zutat '[Name aus Tabelle']]],Tabelle2[],14,FALSE),"") -> 0.02 | L8: =IFERROR(Meal2[[#This Row],[Kaloriendichte '[kcal/g']]]*Meal2[[#This Row],[Menge '[g']]],0) -> 138 | M8: =IFERROR(Meal2[[#This Row],[Proteindichte '[g/g']]]*Meal2[[#This Row],[Menge '[g']]],0) -> 4 | N8: =IFERROR(($N$28*(Meal2[[#Totals],[Kalorien vorher '[kcal']]]-Meal2[[#This Row],[Kalorien vorher '[kcal']]])-(Meal2[[#Totals],[Proteine vorher '[g']]]-Meal2[[#This Row],[Proteine vorher '[g']]]))/(Meal2[[#This Row],[Proteindichte '[g/g']]]-$N$28*Meal2[[#This Row],[Kaloriendichte '[kcal/g']]]),1000000) -> 251.19231 | O8: =IFERROR(ABS(Meal2[[#This Row],[Massenanpassung]]-Meal2[[#This Row],[Menge '[g']]])/Meal2[[#This Row],[Menge '[g']]],1000000) -> 0.25596154
A9: Feta-Käse | B9: 50 | D9: =IF(ROW()-5=$N$29,Meal2[[#Totals],[Massenanpassung]]*$N$31,Meal2[[#This Row],[Menge '[g']]]*$N$31) -> 52.009736 | E9: =Meal2[[#This Row],[Berechnete Menge '[g']]]*Input!$B$7 -> 208.03894 | F9: =IFERROR(Meal2[[#This Row],[Gesamtmenge '[g']]]*$L$36,"-") -> - | G9: =IFERROR(VLOOKUP(Meal2[[#This Row],[Zutat '[Name aus Tabelle']]],Tabelle2[],11,FALSE)*Meal2[[#This Row],[Berechnete Menge '[g']]],"") -> 0.83504521 | H9: =IFERROR(Meal2[[#This Row],[Berechnete Menge '[g']]]*Meal2[[#This Row],[Kaloriendichte '[kcal/g']]],"") -> 137.8258 | I9: =IFERROR(Meal2[[#This Row],[Berechnete Menge '[g']]]*Meal2[[#This Row],[Proteindichte '[g/g']]],"") -> 7.3853825 | J9: =IFERROR(VLOOKUP(Meal2[[#This Row],[Zutat '[Name aus Tabelle']]],Tabelle2[],13,FALSE),"") -> 2.65 | K9: =IFERROR(VLOOKUP(Meal2[[#This Row],[Zutat '[Name aus Tabelle']]],Tabelle2[],14,FALSE),"") -> 0.142 | L9: =IFERROR(Meal2[[#This Row],[Kaloriendichte '[kcal/g']]]*Meal2[[#This Row],[Menge '[g']]],0) -> 132.5 | M9: =IFERROR(Meal2[[#This Row],[Proteindichte '[g/g']]]*Meal2[[#This Row],[Menge '[g']]],0) -> 7.1 | N9: =IFERROR(($N$28*(Meal2[[#Totals],[Kalorien vorher '[kcal']]]-Meal2[[#This Row],[Kalorien vorher '[kcal']]])-(Meal2[[#Totals],[Proteine vorher '[g']]]-Meal2[[#This Row],[Proteine vorher '[g']]]))/(Meal2[[#This Row],[Proteindichte '[g/g']]]-$N$28*Meal2[[#This Row],[Kaloriendichte '[kcal/g']]]),1000000) -> 88.394231 | O9: =IFERROR(ABS(Meal2[[#This Row],[Massenanpassung]]-Meal2[[#This Row],[Menge '[g']]])/Meal2[[#This Row],[Menge '[g']]],1000000) -> 0.76788462
D10: =IF(ROW()-5=$N$29,Meal2[[#Totals],[Massenanpassung]]*$N$31,Meal2[[#This Row],[Menge '[g']]]*$N$31) -> 0 | E10: =Meal2[[#This Row],[Berechnete Menge '[g']]]*Input!$B$7 -> 0 | F10: =IFERROR(Meal2[[#This Row],[Gesamtmenge '[g']]]*$L$36,"-") -> - | G10: =IFERROR(VLOOKUP(Meal2[[#This Row],[Zutat '[Name aus Tabelle']]],Tabelle2[],11,FALSE)*Meal2[[#This Row],[Berechnete Menge '[g']]],"") | H10: =IFERROR(Meal2[[#This Row],[Berechnete Menge '[g']]]*Meal2[[#This Row],[Kaloriendichte '[kcal/g']]],"") | I10: =IFERROR(Meal2[[#This Row],[Berechnete Menge '[g']]]*Meal2[[#This Row],[Proteindichte '[g/g']]],"") | J10: =IFERROR(VLOOKUP(Meal2[[#This Row],[Zutat '[Name aus Tabelle']]],Tabelle2[],13,FALSE),"") | K10: =IFERROR(VLOOKUP(Meal2[[#This Row],[Zutat '[Name aus Tabelle']]],Tabelle2[],14,FALSE),"") | L10: =IFERROR(Meal2[[#This Row],[Kaloriendichte '[kcal/g']]]*Meal2[[#This Row],[Menge '[g']]],0) -> 0 | M10: =IFERROR(Meal2[[#This Row],[Proteindichte '[g/g']]]*Meal2[[#This Row],[Menge '[g']]],0) -> 0 | N10: =IFERROR(($N$28*(Meal2[[#Totals],[Kalorien vorher '[kcal']]]-Meal2[[#This Row],[Kalorien vorher '[kcal']]])-(Meal2[[#Totals],[Proteine vorher '[g']]]-Meal2[[#This Row],[Proteine vorher '[g']]]))/(Meal2[[#This Row],[Proteindichte '[g/g']]]-$N$28*Meal2[[#This Row],[Kaloriendichte '[kcal/g']]]),1000000) -> 1000000 | O10: =IFERROR(ABS(Meal2[[#This Row],[Massenanpassung]]-Meal2[[#This Row],[Menge '[g']]])/Meal2[[#This Row],[Menge '[g']]],1000000) -> 1000000
D11: =IF(ROW()-5=$N$29,Meal2[[#Totals],[Massenanpassung]]*$N$31,Meal2[[#This Row],[Menge '[g']]]*$N$31) -> 0 | E11: =Meal2[[#This Row],[Berechnete Menge '[g']]]*Input!$B$7 -> 0 | F11: =IFERROR(Meal2[[#This Row],[Gesamtmenge '[g']]]*$L$36,"-") -> - | G11: =IFERROR(VLOOKUP(Meal2[[#This Row],[Zutat '[Name aus Tabelle']]],Tabelle2[],11,FALSE)*Meal2[[#This Row],[Berechnete Menge '[g']]],"") | H11: =IFERROR(Meal2[[#This Row],[Berechnete Menge '[g']]]*Meal2[[#This Row],[Kaloriendichte '[kcal/g']]],"") | I11: =IFERROR(Meal2[[#This Row],[Berechnete Menge '[g']]]*Meal2[[#This Row],[Proteindichte '[g/g']]],"") | J11: =IFERROR(VLOOKUP(Meal2[[#This Row],[Zutat '[Name aus Tabelle']]],Tabelle2[],13,FALSE),"") | K11: =IFERROR(VLOOKUP(Meal2[[#This Row],[Zutat '[Name aus Tabelle']]],Tabelle2[],14,FALSE),"") | L11: =IFERROR(Meal2[[#This Row],[Kaloriendichte '[kcal/g']]]*Meal2[[#This Row],[Menge '[g']]],0) -> 0 | M11: =IFERROR(Meal2[[#This Row],[Proteindichte '[g/g']]]*Meal2[[#This Row],[Menge '[g']]],0) -> 0 | N11: =IFERROR(($N$28*(Meal2[[#Totals],[Kalorien vorher '[kcal']]]-Meal2[[#This Row],[Kalorien vorher '[kcal']]])-(Meal2[[#Totals],[Proteine vorher '[g']]]-Meal2[[#This Row],[Proteine vorher '[g']]]))/(Meal2[[#This Row],[Proteindichte '[g/g']]]-$N$28*Meal2[[#This Row],[Kaloriendichte '[kcal/g']]]),1000000) -> 1000000 | O11: =IFERROR(ABS(Meal2[[#This Row],[Massenanpassung]]-Meal2[[#This Row],[Menge '[g']]])/Meal2[[#This Row],[Menge '[g']]],1000000) -> 1000000
D12: =IF(ROW()-5=$N$29,Meal2[[#Totals],[Massenanpassung]]*$N$31,Meal2[[#This Row],[Menge '[g']]]*$N$31) -> 0 | E12: =Meal2[[#This Row],[Berechnete Menge '[g']]]*Input!$B$7 -> 0 | F12: =IFERROR(Meal2[[#This Row],[Gesamtmenge '[g']]]*$L$36,"-") -> - | G12: =IFERROR(VLOOKUP(Meal2[[#This Row],[Zutat '[Name aus Tabelle']]],Tabelle2[],11,FALSE)*Meal2[[#This Row],[Berechnete Menge '[g']]],"") | H12: =IFERROR(Meal2[[#This Row],[Berechnete Menge '[g']]]*Meal2[[#This Row],[Kaloriendichte '[kcal/g']]],"") | I12: =IFERROR(Meal2[[#This Row],[Berechnete Menge '[g']]]*Meal2[[#This Row],[Proteindichte '[g/g']]],"") | J12: =IFERROR(VLOOKUP(Meal2[[#This Row],[Zutat '[Name aus Tabelle']]],Tabelle2[],13,FALSE),"") | K12: =IFERROR(VLOOKUP(Meal2[[#This Row],[Zutat '[Name aus Tabelle']]],Tabelle2[],14,FALSE),"") | L12: =IFERROR(Meal2[[#This Row],[Kaloriendichte '[kcal/g']]]*Meal2[[#This Row],[Menge '[g']]],0) -> 0 | M12: =IFERROR(Meal2[[#This Row],[Proteindichte '[g/g']]]*Meal2[[#This Row],[Menge '[g']]],0) -> 0 | N12: =IFERROR(($N$28*(Meal2[[#Totals],[Kalorien vorher '[kcal']]]-Meal2[[#This Row],[Kalorien vorher '[kcal']]])-(Meal2[[#Totals],[Proteine vorher '[g']]]-Meal2[[#This Row],[Proteine vorher '[g']]]))/(Meal2[[#This Row],[Proteindichte '[g/g']]]-$N$28*Meal2[[#This Row],[Kaloriendichte '[kcal/g']]]),1000000) -> 1000000 | O12: =IFERROR(ABS(Meal2[[#This Row],[Massenanpassung]]-Meal2[[#This Row],[Menge '[g']]])/Meal2[[#This Row],[Menge '[g']]],1000000) -> 1000000
D13: =IF(ROW()-5=$N$29,Meal2[[#Totals],[Massenanpassung]]*$N$31,Meal2[[#This Row],[Menge '[g']]]*$N$31) -> 0 | E13: =Meal2[[#This Row],[Berechnete Menge '[g']]]*Input!$B$7 -> 0 | F13: =IFERROR(Meal2[[#This Row],[Gesamtmenge '[g']]]*$L$36,"-") -> - | G13: =IFERROR(VLOOKUP(Meal2[[#This Row],[Zutat '[Name aus Tabelle']]],Tabelle2[],11,FALSE)*Meal2[[#This Row],[Berechnete Menge '[g']]],"") | H13: =IFERROR(Meal2[[#This Row],[Berechnete Menge '[g']]]*Meal2[[#This Row],[Kaloriendichte '[kcal/g']]],"") | I13: =IFERROR(Meal2[[#This Row],[Berechnete Menge '[g']]]*Meal2[[#This Row],[Proteindichte '[g/g']]],"") | J13: =IFERROR(VLOOKUP(Meal2[[#This Row],[Zutat '[Name aus Tabelle']]],Tabelle2[],13,FALSE),"") | K13: =IFERROR(VLOOKUP(Meal2[[#This Row],[Zutat '[Name aus Tabelle']]],Tabelle2[],14,FALSE),"") | L13: =IFERROR(Meal2[[#This Row],[Kaloriendichte '[kcal/g']]]*Meal2[[#This Row],[Menge '[g']]],0) -> 0 | M13: =IFERROR(Meal2[[#This Row],[Proteindichte '[g/g']]]*Meal2[[#This Row],[Menge '[g']]],0) -> 0 | N13: =IFERROR(($N$28*(Meal2[[#Totals],[Kalorien vorher '[kcal']]]-Meal2[[#This Row],[Kalorien vorher '[kcal']]])-(Meal2[[#Totals],[Proteine vorher '[g']]]-Meal2[[#This Row],[Proteine vorher '[g']]]))/(Meal2[[#This Row],[Proteindichte '[g/g']]]-$N$28*Meal2[[#This Row],[Kaloriendichte '[kcal/g']]]),1000000) -> 1000000 | O13: =IFERROR(ABS(Meal2[[#This Row],[Massenanpassung]]-Meal2[[#This Row],[Menge '[g']]])/Meal2[[#This Row],[Menge '[g']]],1000000) -> 1000000
D14: =IF(ROW()-5=$N$29,Meal2[[#Totals],[Massenanpassung]]*$N$31,Meal2[[#This Row],[Menge '[g']]]*$N$31) -> 0 | E14: =Meal2[[#This Row],[Berechnete Menge '[g']]]*Input!$B$7 -> 0 | F14: =IFERROR(Meal2[[#This Row],[Gesamtmenge '[g']]]*$L$36,"-") -> - | G14: =IFERROR(VLOOKUP(Meal2[[#This Row],[Zutat '[Name aus Tabelle']]],Tabelle2[],11,FALSE)*Meal2[[#This Row],[Berechnete Menge '[g']]],"") | H14: =IFERROR(Meal2[[#This Row],[Berechnete Menge '[g']]]*Meal2[[#This Row],[Kaloriendichte '[kcal/g']]],"") | I14: =IFERROR(Meal2[[#This Row],[Berechnete Menge '[g']]]*Meal2[[#This Row],[Proteindichte '[g/g']]],"") | J14: =IFERROR(VLOOKUP(Meal2[[#This Row],[Zutat '[Name aus Tabelle']]],Tabelle2[],13,FALSE),"") | K14: =IFERROR(VLOOKUP(Meal2[[#This Row],[Zutat '[Name aus Tabelle']]],Tabelle2[],14,FALSE),"") | L14: =IFERROR(Meal2[[#This Row],[Kaloriendichte '[kcal/g']]]*Meal2[[#This Row],[Menge '[g']]],0) -> 0 | M14: =IFERROR(Meal2[[#This Row],[Proteindichte '[g/g']]]*Meal2[[#This Row],[Menge '[g']]],0) -> 0 | N14: =IFERROR(($N$28*(Meal2[[#Totals],[Kalorien vorher '[kcal']]]-Meal2[[#This Row],[Kalorien vorher '[kcal']]])-(Meal2[[#Totals],[Proteine vorher '[g']]]-Meal2[[#This Row],[Proteine vorher '[g']]]))/(Meal2[[#This Row],[Proteindichte '[g/g']]]-$N$28*Meal2[[#This Row],[Kaloriendichte '[kcal/g']]]),1000000) -> 1000000 | O14: =IFERROR(ABS(Meal2[[#This Row],[Massenanpassung]]-Meal2[[#This Row],[Menge '[g']]])/Meal2[[#This Row],[Menge '[g']]],1000000) -> 1000000
D15: =IF(ROW()-5=$N$29,Meal2[[#Totals],[Massenanpassung]]*$N$31,Meal2[[#This Row],[Menge '[g']]]*$N$31) -> 0 | E15: =Meal2[[#This Row],[Berechnete Menge '[g']]]*Input!$B$7 -> 0 | F15: =IFERROR(Meal2[[#This Row],[Gesamtmenge '[g']]]*$L$36,"-") -> - | G15: =IFERROR(VLOOKUP(Meal2[[#This Row],[Zutat '[Name aus Tabelle']]],Tabelle2[],11,FALSE)*Meal2[[#This Row],[Berechnete Menge '[g']]],"") | H15: =IFERROR(Meal2[[#This Row],[Berechnete Menge '[g']]]*Meal2[[#This Row],[Kaloriendichte '[kcal/g']]],"") | I15: =IFERROR(Meal2[[#This Row],[Berechnete Menge '[g']]]*Meal2[[#This Row],[Proteindichte '[g/g']]],"") | J15: =IFERROR(VLOOKUP(Meal2[[#This Row],[Zutat '[Name aus Tabelle']]],Tabelle2[],13,FALSE),"") | K15: =IFERROR(VLOOKUP(Meal2[[#This Row],[Zutat '[Name aus Tabelle']]],Tabelle2[],14,FALSE),"") | L15: =IFERROR(Meal2[[#This Row],[Kaloriendichte '[kcal/g']]]*Meal2[[#This Row],[Menge '[g']]],0) -> 0 | M15: =IFERROR(Meal2[[#This Row],[Proteindichte '[g/g']]]*Meal2[[#This Row],[Menge '[g']]],0) -> 0 | N15: =IFERROR(($N$28*(Meal2[[#Totals],[Kalorien vorher '[kcal']]]-Meal2[[#This Row],[Kalorien vorher '[kcal']]])-(Meal2[[#Totals],[Proteine vorher '[g']]]-Meal2[[#This Row],[Proteine vorher '[g']]]))/(Meal2[[#This Row],[Proteindichte '[g/g']]]-$N$28*Meal2[[#This Row],[Kaloriendichte '[kcal/g']]]),1000000) -> 1000000 | O15: =IFERROR(ABS(Meal2[[#This Row],[Massenanpassung]]-Meal2[[#This Row],[Menge '[g']]])/Meal2[[#This Row],[Menge '[g']]],1000000) -> 1000000
D16: =IF(ROW()-5=$N$29,Meal2[[#Totals],[Massenanpassung]]*$N$31,Meal2[[#This Row],[Menge '[g']]]*$N$31) -> 0 | E16: =Meal2[[#This Row],[Berechnete Menge '[g']]]*Input!$B$7 -> 0 | F16: =IFERROR(Meal2[[#This Row],[Gesamtmenge '[g']]]*$L$36,"-") -> - | G16: =IFERROR(VLOOKUP(Meal2[[#This Row],[Zutat '[Name aus Tabelle']]],Tabelle2[],11,FALSE)*Meal2[[#This Row],[Berechnete Menge '[g']]],"") | H16: =IFERROR(Meal2[[#This Row],[Berechnete Menge '[g']]]*Meal2[[#This Row],[Kaloriendichte '[kcal/g']]],"") | I16: =IFERROR(Meal2[[#This Row],[Berechnete Menge '[g']]]*Meal2[[#This Row],[Proteindichte '[g/g']]],"") | J16: =IFERROR(VLOOKUP(Meal2[[#This Row],[Zutat '[Name aus Tabelle']]],Tabelle2[],13,FALSE),"") | K16: =IFERROR(VLOOKUP(Meal2[[#This Row],[Zutat '[Name aus Tabelle']]],Tabelle2[],14,FALSE),"") | L16: =IFERROR(Meal2[[#This Row],[Kaloriendichte '[kcal/g']]]*Meal2[[#This Row],[Menge '[g']]],0) -> 0 | M16: =IFERROR(Meal2[[#This Row],[Proteindichte '[g/g']]]*Meal2[[#This Row],[Menge '[g']]],0) -> 0 | N16: =IFERROR(($N$28*(Meal2[[#Totals],[Kalorien vorher '[kcal']]]-Meal2[[#This Row],[Kalorien vorher '[kcal']]])-(Meal2[[#Totals],[Proteine vorher '[g']]]-Meal2[[#This Row],[Proteine vorher '[g']]]))/(Meal2[[#This Row],[Proteindichte '[g/g']]]-$N$28*Meal2[[#This Row],[Kaloriendichte '[kcal/g']]]),1000000) -> 1000000 | O16: =IFERROR(ABS(Meal2[[#This Row],[Massenanpassung]]-Meal2[[#This Row],[Menge '[g']]])/Meal2[[#This Row],[Menge '[g']]],1000000) -> 1000000
D17: =IF(ROW()-5=$N$29,Meal2[[#Totals],[Massenanpassung]]*$N$31,Meal2[[#This Row],[Menge '[g']]]*$N$31) -> 0 | E17: =Meal2[[#This Row],[Berechnete Menge '[g']]]*Input!$B$7 -> 0 | F17: =IFERROR(Meal2[[#This Row],[Gesamtmenge '[g']]]*$L$36,"-") -> - | G17: =IFERROR(VLOOKUP(Meal2[[#This Row],[Zutat '[Name aus Tabelle']]],Tabelle2[],11,FALSE)*Meal2[[#This Row],[Berechnete Menge '[g']]],"") | H17: =IFERROR(Meal2[[#This Row],[Berechnete Menge '[g']]]*Meal2[[#This Row],[Kaloriendichte '[kcal/g']]],"") | I17: =IFERROR(Meal2[[#This Row],[Berechnete Menge '[g']]]*Meal2[[#This Row],[Proteindichte '[g/g']]],"") | J17: =IFERROR(VLOOKUP(Meal2[[#This Row],[Zutat '[Name aus Tabelle']]],Tabelle2[],13,FALSE),"") | K17: =IFERROR(VLOOKUP(Meal2[[#This Row],[Zutat '[Name aus Tabelle']]],Tabelle2[],14,FALSE),"") | L17: =IFERROR(Meal2[[#This Row],[Kaloriendichte '[kcal/g']]]*Meal2[[#This Row],[Menge '[g']]],0) -> 0 | M17: =IFERROR(Meal2[[#This Row],[Proteindichte '[g/g']]]*Meal2[[#This Row],[Menge '[g']]],0) -> 0 | N17: =IFERROR(($N$28*(Meal2[[#Totals],[Kalorien vorher '[kcal']]]-Meal2[[#This Row],[Kalorien vorher '[kcal']]])-(Meal2[[#Totals],[Proteine vorher '[g']]]-Meal2[[#This Row],[Proteine vorher '[g']]]))/(Meal2[[#This Row],[Proteindichte '[g/g']]]-$N$28*Meal2[[#This Row],[Kaloriendichte '[kcal/g']]]),1000000) -> 1000000 | O17: =IFERROR(ABS(Meal2[[#This Row],[Massenanpassung]]-Meal2[[#This Row],[Menge '[g']]])/Meal2[[#This Row],[Menge '[g']]],1000000) -> 1000000
D18: =IF(ROW()-5=$N$29,Meal2[[#Totals],[Massenanpassung]]*$N$31,Meal2[[#This Row],[Menge '[g']]]*$N$31) -> 0 | E18: =Meal2[[#This Row],[Berechnete Menge '[g']]]*Input!$B$7 -> 0 | F18: =IFERROR(Meal2[[#This Row],[Gesamtmenge '[g']]]*$L$36,"-") -> - | G18: =IFERROR(VLOOKUP(Meal2[[#This Row],[Zutat '[Name aus Tabelle']]],Tabelle2[],11,FALSE)*Meal2[[#This Row],[Berechnete Menge '[g']]],"") | H18: =IFERROR(Meal2[[#This Row],[Berechnete Menge '[g']]]*Meal2[[#This Row],[Kaloriendichte '[kcal/g']]],"") | I18: =IFERROR(Meal2[[#This Row],[Berechnete Menge '[g']]]*Meal2[[#This Row],[Proteindichte '[g/g']]],"") | J18: =IFERROR(VLOOKUP(Meal2[[#This Row],[Zutat '[Name aus Tabelle']]],Tabelle2[],13,FALSE),"") | K18: =IFERROR(VLOOKUP(Meal2[[#This Row],[Zutat '[Name aus Tabelle']]],Tabelle2[],14,FALSE),"") | L18: =IFERROR(Meal2[[#This Row],[Kaloriendichte '[kcal/g']]]*Meal2[[#This Row],[Menge '[g']]],0) -> 0 | M18: =IFERROR(Meal2[[#This Row],[Proteindichte '[g/g']]]*Meal2[[#This Row],[Menge '[g']]],0) -> 0 | N18: =IFERROR(($N$28*(Meal2[[#Totals],[Kalorien vorher '[kcal']]]-Meal2[[#This Row],[Kalorien vorher '[kcal']]])-(Meal2[[#Totals],[Proteine vorher '[g']]]-Meal2[[#This Row],[Proteine vorher '[g']]]))/(Meal2[[#This Row],[Proteindichte '[g/g']]]-$N$28*Meal2[[#This Row],[Kaloriendichte '[kcal/g']]]),1000000) -> 1000000 | O18: =IFERROR(ABS(Meal2[[#This Row],[Massenanpassung]]-Meal2[[#This Row],[Menge '[g']]])/Meal2[[#This Row],[Menge '[g']]],1000000) -> 1000000
D19: =IF(ROW()-5=$N$29,Meal2[[#Totals],[Massenanpassung]]*$N$31,Meal2[[#This Row],[Menge '[g']]]*$N$31) -> 0 | E19: =Meal2[[#This Row],[Berechnete Menge '[g']]]*Input!$B$7 -> 0 | F19: =IFERROR(Meal2[[#This Row],[Gesamtmenge '[g']]]*$L$36,"-") -> - | G19: =IFERROR(VLOOKUP(Meal2[[#This Row],[Zutat '[Name aus Tabelle']]],Tabelle2[],11,FALSE)*Meal2[[#This Row],[Berechnete Menge '[g']]],"") | H19: =IFERROR(Meal2[[#This Row],[Berechnete Menge '[g']]]*Meal2[[#This Row],[Kaloriendichte '[kcal/g']]],"") | I19: =IFERROR(Meal2[[#This Row],[Berechnete Menge '[g']]]*Meal2[[#This Row],[Proteindichte '[g/g']]],"") | J19: =IFERROR(VLOOKUP(Meal2[[#This Row],[Zutat '[Name aus Tabelle']]],Tabelle2[],13,FALSE),"") | K19: =IFERROR(VLOOKUP(Meal2[[#This Row],[Zutat '[Name aus Tabelle']]],Tabelle2[],14,FALSE),"") | L19: =IFERROR(Meal2[[#This Row],[Kaloriendichte '[kcal/g']]]*Meal2[[#This Row],[Menge '[g']]],0) -> 0 | M19: =IFERROR(Meal2[[#This Row],[Proteindichte '[g/g']]]*Meal2[[#This Row],[Menge '[g']]],0) -> 0 | N19: =IFERROR(($N$28*(Meal2[[#Totals],[Kalorien vorher '[kcal']]]-Meal2[[#This Row],[Kalorien vorher '[kcal']]])-(Meal2[[#Totals],[Proteine vorher '[g']]]-Meal2[[#This Row],[Proteine vorher '[g']]]))/(Meal2[[#This Row],[Proteindichte '[g/g']]]-$N$28*Meal2[[#This Row],[Kaloriendichte '[kcal/g']]]),1000000) -> 1000000 | O19: =IFERROR(ABS(Meal2[[#This Row],[Massenanpassung]]-Meal2[[#This Row],[Menge '[g']]])/Meal2[[#This Row],[Menge '[g']]],1000000) -> 1000000
D20: =IF(ROW()-5=$N$29,Meal2[[#Totals],[Massenanpassung]]*$N$31,Meal2[[#This Row],[Menge '[g']]]*$N$31) -> 0 | E20: =Meal2[[#This Row],[Berechnete Menge '[g']]]*Input!$B$7 -> 0 | F20: =IFERROR(Meal2[[#This Row],[Gesamtmenge '[g']]]*$L$36,"-") -> - | G20: =IFERROR(VLOOKUP(Meal2[[#This Row],[Zutat '[Name aus Tabelle']]],Tabelle2[],11,FALSE)*Meal2[[#This Row],[Berechnete Menge '[g']]],"") | H20: =IFERROR(Meal2[[#This Row],[Berechnete Menge '[g']]]*Meal2[[#This Row],[Kaloriendichte '[kcal/g']]],"") | I20: =IFERROR(Meal2[[#This Row],[Berechnete Menge '[g']]]*Meal2[[#This Row],[Proteindichte '[g/g']]],"") | J20: =IFERROR(VLOOKUP(Meal2[[#This Row],[Zutat '[Name aus Tabelle']]],Tabelle2[],13,FALSE),"") | K20: =IFERROR(VLOOKUP(Meal2[[#This Row],[Zutat '[Name aus Tabelle']]],Tabelle2[],14,FALSE),"") | L20: =IFERROR(Meal2[[#This Row],[Kaloriendichte '[kcal/g']]]*Meal2[[#This Row],[Menge '[g']]],0) -> 0 | M20: =IFERROR(Meal2[[#This Row],[Proteindichte '[g/g']]]*Meal2[[#This Row],[Menge '[g']]],0) -> 0 | N20: =IFERROR(($N$28*(Meal2[[#Totals],[Kalorien vorher '[kcal']]]-Meal2[[#This Row],[Kalorien vorher '[kcal']]])-(Meal2[[#Totals],[Proteine vorher '[g']]]-Meal2[[#This Row],[Proteine vorher '[g']]]))/(Meal2[[#This Row],[Proteindichte '[g/g']]]-$N$28*Meal2[[#This Row],[Kaloriendichte '[kcal/g']]]),1000000) -> 1000000 | O20: =IFERROR(ABS(Meal2[[#This Row],[Massenanpassung]]-Meal2[[#This Row],[Menge '[g']]])/Meal2[[#This Row],[Menge '[g']]],1000000) -> 1000000
D21: =IF(ROW()-5=$N$29,Meal2[[#Totals],[Massenanpassung]]*$N$31,Meal2[[#This Row],[Menge '[g']]]*$N$31) -> 0 | E21: =Meal2[[#This Row],[Berechnete Menge '[g']]]*Input!$B$7 -> 0 | F21: =IFERROR(Meal2[[#This Row],[Gesamtmenge '[g']]]*$L$36,"-") -> - | G21: =IFERROR(VLOOKUP(Meal2[[#This Row],[Zutat '[Name aus Tabelle']]],Tabelle2[],11,FALSE)*Meal2[[#This Row],[Berechnete Menge '[g']]],"") | H21: =IFERROR(Meal2[[#This Row],[Berechnete Menge '[g']]]*Meal2[[#This Row],[Kaloriendichte '[kcal/g']]],"") | I21: =IFERROR(Meal2[[#This Row],[Berechnete Menge '[g']]]*Meal2[[#This Row],[Proteindichte '[g/g']]],"") | J21: =IFERROR(VLOOKUP(Meal2[[#This Row],[Zutat '[Name aus Tabelle']]],Tabelle2[],13,FALSE),"") | K21: =IFERROR(VLOOKUP(Meal2[[#This Row],[Zutat '[Name aus Tabelle']]],Tabelle2[],14,FALSE),"") | L21: =IFERROR(Meal2[[#This Row],[Kaloriendichte '[kcal/g']]]*Meal2[[#This Row],[Menge '[g']]],0) -> 0 | M21: =IFERROR(Meal2[[#This Row],[Proteindichte '[g/g']]]*Meal2[[#This Row],[Menge '[g']]],0) -> 0 | N21: =IFERROR(($N$28*(Meal2[[#Totals],[Kalorien vorher '[kcal']]]-Meal2[[#This Row],[Kalorien vorher '[kcal']]])-(Meal2[[#Totals],[Proteine vorher '[g']]]-Meal2[[#This Row],[Proteine vorher '[g']]]))/(Meal2[[#This Row],[Proteindichte '[g/g']]]-$N$28*Meal2[[#This Row],[Kaloriendichte '[kcal/g']]]),1000000) -> 1000000 | O21: =IFERROR(ABS(Meal2[[#This Row],[Massenanpassung]]-Meal2[[#This Row],[Menge '[g']]])/Meal2[[#This Row],[Menge '[g']]],1000000) -> 1000000
... D26: =IF(ROW()-5=$N$29,Meal2[[#Totals],[Massenanpassung]]*$N$31,Meal2[[#This Row],[Menge '[g']]]*$N$31) -> 0 | E26: =Meal2[[#This Row],[Berechnete Menge '[g']]]*Input!$B$7 -> 0 | F26: =IFERROR(Meal2[[#This Row],[Gesamtmenge '[g']]]*$L$36,"-") -> - | G26: =IFERROR(VLOOKUP(Meal2[[#This Row],[Zutat '[Name aus Tabelle']]],Tabelle2[],11,FALSE)*Meal2[[#This Row],[Berechnete Menge '[g']]],"") | H26: =IFERROR(Meal2[[#This Row],[Berechnete Menge '[g']]]*Meal2[[#This Row],[Kaloriendichte '[kcal/g']]],"") | I26: =IFERROR(Meal2[[#This Row],[Berechnete Menge '[g']]]*Meal2[[#This Row],[Proteindichte '[g/g']]],"") | J26: =IFERROR(VLOOKUP(Meal2[[#This Row],[Zutat '[Name aus Tabelle']]],Tabelle2[],13,FALSE),"") | K26: =IFERROR(VLOOKUP(Meal2[[#This Row],[Zutat '[Name aus Tabelle']]],Tabelle2[],14,FALSE),"") | L26: =IFERROR(Meal2[[#This Row],[Kaloriendichte '[kcal/g']]]*Meal2[[#This Row],[Menge '[g']]],0) -> 0 | M26: =IFERROR(Meal2[[#This Row],[Proteindichte '[g/g']]]*Meal2[[#This Row],[Menge '[g']]],0) -> 0 | N26: =IFERROR(($N$28*(Meal2[[#Totals],[Kalorien vorher '[kcal']]]-Meal2[[#This Row],[Kalorien vorher '[kcal']]])-(Meal2[[#Totals],[Proteine vorher '[g']]]-Meal2[[#This Row],[Proteine vorher '[g']]]))/(Meal2[[#This Row],[Proteindichte '[g/g']]]-$N$28*Meal2[[#This Row],[Kaloriendichte '[kcal/g']]]),1000000) -> 1000000 | O26: =IFERROR(ABS(Meal2[[#This Row],[Massenanpassung]]-Meal2[[#This Row],[Menge '[g']]])/Meal2[[#This Row],[Menge '[g']]],1000000) -> 1000000
A27: Ergebnis | G27: =SUBTOTAL(109,Meal2[Kosten '[€']]) -> 4.2046866 | H27: =SUBTOTAL(109,Meal2[Kalorien '[kcal']]) -> 750 | I27: =SUBTOTAL(109,Meal2[Proteine '[g']]) -> 50 | L27: =SUBTOTAL(109,Meal2[Kalorien vorher '[kcal']]) -> 793.2 | M27: =SUBTOTAL(109,Meal2[Proteine vorher '[g']]) -> 54.211 | N27: {=INDEX(Meal2[Massenanpassung],N29)} -> 169.28462 | O27: {=MIN(IF(Meal2[Massenanpassung]<0,"",Meal2[Relative Abweichung]))} -> 0.15357692
A28: Übrige Kalorien/Proteine: | H28: ='Meal 1'!H28-Meal2[[#Totals],[Kalorien '[kcal']]] -> 1500 | I28: ='Meal 1'!I28-Meal2[[#Totals],[Proteine '[g']]] -> 100 | M28: P_soll/K_soll | N28: =K4/K3 -> 0.066666667
M29: min rel. Abw. Zeile | N29: =MATCH(Meal2[[#Totals],[Relative Abweichung]],Meal2[Relative Abweichung],0) -> 1
M30: K_ges mit neuer Masse | N30: {=Meal2[[#Totals],[Kalorien vorher '[kcal']]]-INDEX(Meal2[Kalorien vorher '[kcal']],N29)+Meal2[[#Totals],[Massenanpassung]]*INDEX(Meal2[Kaloriendichte '[kcal/g']],N29)} -> 721.01885
M31: skal. Faktor für Massen | N31: =K3/N30 -> 1.0401947
L32: =MATCH(MAX(#REF!),#REF!,0) -> #REF!
L33: =MAX(#REF!) -> #REF!
L34: {=INDEX(#REF!,L32)} -> #REF!
L35: {=INDEX(#REF!,L32)} -> #REF!
L36: =L33*L34/L35 -> #REF!

Sheet Meal 3
A1: Meal 3
A3: Kalorienbedarf [kcal]: | K3: =IF(ISBLANK(B3),'Meal 2'!H28/(Input!B6-2),B3) -> 750
A4: Proteinbedarf [g]: | K4: =IF(ISBLANK(B4),'Meal 2'!I28/(Input!B6-2),B4) -> 50
A5: Zutat [Name aus Tabelle] | B5: Menge [g] | C5: Spalte1 | D5: Berechnete Menge [g] | E5: Gesamtmenge [g] | F5: Skal. Gesamtmenge [g] | G5: Kosten [€] | H5: Kalorien [kcal] | I5: Proteine [g] | J5: Kaloriendichte [kcal/g] | K5: Proteindichte [g/g] | L5: Kalorien vorher [kcal] | M5: Proteine vorher [g] | N5: Massenanpassung | O5: Relative Abweichung
A6: Hähnchenbrustfilet | B6: 525 | D6: =IF(ROW()-5=$N$29,Meal3[[#Totals],[Massenanpassung]]*$N$31,Meal3[[#This Row],[Menge '[g']]]*$N$31) -> 174.6008 | E6: =Meal3[[#This Row],[Berechnete Menge '[g']]]*Input!$B$7 -> 698.40319 | F6: =IFERROR(Meal3[[#This Row],[Gesamtmenge '[g']]]*$L$36,"-") -> 0 | G6: =IFERROR(VLOOKUP(Meal3[[#This Row],[Zutat '[Name aus Tabelle']]],Tabelle2[],11,FALSE)*Meal3[[#This Row],[Berechnete Menge '[g']]],"") -> 2.4394226 | H6: =IFERROR(Meal3[[#This Row],[Berechnete Menge '[g']]]*Meal3[[#This Row],[Kaloriendichte '[kcal/g']]],"") -> 169.36277 | I6: =IFERROR(Meal3[[#This Row],[Berechnete Menge '[g']]]*Meal3[[#This Row],[Proteindichte '[g/g']]],"") -> 34.920159 | J6: =IFERROR(VLOOKUP(Meal3[[#This Row],[Zutat '[Name aus Tabelle']]],Tabelle2[],13,FALSE),"") -> 0.97 | K6: =IFERROR(VLOOKUP(Meal3[[#This Row],[Zutat '[Name aus Tabelle']]],Tabelle2[],14,FALSE),"") -> 0.2 | L6: =IFERROR(Meal3[[#This Row],[Kaloriendichte '[kcal/g']]]*Meal3[[#This Row],[Menge '[g']]],0) -> 509.25 | M6: =IFERROR(Meal3[[#This Row],[Proteindichte '[g/g']]]*Meal3[[#This Row],[Menge '[g']]],0) -> 105 | N6: =IFERROR(($N$28*(Meal3[[#Totals],[Kalorien vorher '[kcal']]]-Meal3[[#This Row],[Kalorien vorher '[kcal']]])-(Meal3[[#Totals],[Proteine vorher '[g']]]-Meal3[[#This Row],[Proteine vorher '[g']]]))/(Meal3[[#This Row],[Proteindichte '[g/g']]]-$N$28*Meal3[[#This Row],[Kaloriendichte '[kcal/g']]]),1000000) -> 551.133 | O6: =IFERROR(ABS(Meal3[[#This Row],[Massenanpassung]]-Meal3[[#This Row],[Menge '[g']]])/Meal3[[#This Row],[Menge '[g']]],1000000) -> 0.049777152
A7: Basmati-Reis (ungekocht) | B7: 300 | D7: =IF(ROW()-5=$N$29,Meal3[[#Totals],[Massenanpassung]]*$N$31,Meal3[[#This Row],[Menge '[g']]]*$N$31) -> 95.041013 | E7: =Meal3[[#This Row],[Berechnete Menge '[g']]]*Input!$B$7 -> 380.16405 | F7: =IFERROR(Meal3[[#This Row],[Gesamtmenge '[g']]]*$L$36,"-") -> 0 | G7: =IFERROR(VLOOKUP(Meal3[[#This Row],[Zutat '[Name aus Tabelle']]],Tabelle2[],11,FALSE)*Meal3[[#This Row],[Berechnete Menge '[g']]],"") -> 0.25566032 | H7: =IFERROR(Meal3[[#This Row],[Berechnete Menge '[g']]]*Meal3[[#This Row],[Kaloriendichte '[kcal/g']]],"") -> 334.54436 | I7: =IFERROR(Meal3[[#This Row],[Berechnete Menge '[g']]]*Meal3[[#This Row],[Proteindichte '[g/g']]],"") -> 7.9834451 | J7: =IFERROR(VLOOKUP(Meal3[[#This Row],[Zutat '[Name aus Tabelle']]],Tabelle2[],13,FALSE),"") -> 3.52 | K7: =IFERROR(VLOOKUP(Meal3[[#This Row],[Zutat '[Name aus Tabelle']]],Tabelle2[],14,FALSE),"") -> 0.084 | L7: =IFERROR(Meal3[[#This Row],[Kaloriendichte '[kcal/g']]]*Meal3[[#This Row],[Menge '[g']]],0) -> 1056 | M7: =IFERROR(Meal3[[#This Row],[Proteindichte '[g/g']]]*Meal3[[#This Row],[Menge '[g']]],0) -> 25.2 | N7: =IFERROR(($N$28*(Meal3[[#Totals],[Kalorien vorher '[kcal']]]-Meal3[[#This Row],[Kalorien vorher '[kcal']]])-(Meal3[[#Totals],[Proteine vorher '[g']]]-Meal3[[#This Row],[Proteine vorher '[g']]]))/(Meal3[[#This Row],[Proteindichte '[g/g']]]-$N$28*Meal3[[#This Row],[Kaloriendichte '[kcal/g']]]),1000000) -> 276.52655 | O7: =IFERROR(ABS(Meal3[[#This Row],[Massenanpassung]]-Meal3[[#This Row],[Menge '[g']]])/Meal3[[#This Row],[Menge '[g']]],1000000) -> 0.078244838
A8: Brokkoli | B8: 400 | D8: =IF(ROW()-5=$N$29,Meal3[[#Totals],[Massenanpassung]]*$N$31,Meal3[[#This Row],[Menge '[g']]]*$N$31) -> 126.72135 | E8: =Meal3[[#This Row],[Berechnete Menge '[g']]]*Input!$B$7 -> 506.8854 | F8: =IFERROR(Meal3[[#This Row],[Gesamtmenge '[g']]]*$L$36,"-") -> 0 | G8: =IFERROR(VLOOKUP(Meal3[[#This Row],[Zutat '[Name aus Tabelle']]],Tabelle2[],11,FALSE)*Meal3[[#This Row],[Berechnete Menge '[g']]],"") -> 0.37762962 | H8: =IFERROR(Meal3[[#This Row],[Berechnete Menge '[g']]]*Meal3[[#This Row],[Kaloriendichte '[kcal/g']]],"") -> 54.490181 | I8: =IFERROR(Meal3[[#This Row],[Berechnete Menge '[g']]]*Meal3[[#This Row],[Proteindichte '[g/g']]],"") -> 5.068854 | J8: =IFERROR(VLOOKUP(Meal3[[#This Row],[Zutat '[Name aus Tabelle']]],Tabelle2[],13,FALSE),"") -> 0.43 | K8: =IFERROR(VLOOKUP(Meal3[[#This Row],[Zutat '[Name aus Tabelle']]],Tabelle2[],14,FALSE),"") -> 0.04 | L8: =IFERROR(Meal3[[#This Row],[Kaloriendichte '[kcal/g']]]*Meal3[[#This Row],[Menge '[g']]],0) -> 172 | M8: =IFERROR(Meal3[[#This Row],[Proteindichte '[g/g']]]*Meal3[[#This Row],[Menge '[g']]],0) -> 16 | N8: =IFERROR(($N$28*(Meal3[[#Totals],[Kalorien vorher '[kcal']]]-Meal3[[#This Row],[Kalorien vorher '[kcal']]])-(Meal3[[#Totals],[Proteine vorher '[g']]]-Meal3[[#This Row],[Proteine vorher '[g']]]))/(Meal3[[#This Row],[Proteindichte '[g/g']]]-$N$28*Meal3[[#This Row],[Kaloriendichte '[kcal/g']]]),1000000) -> 712.05882 | O8: =IFERROR(ABS(Meal3[[#This Row],[Massenanpassung]]-Meal3[[#This Row],[Menge '[g']]])/Meal3[[#This Row],[Menge '[g']]],1000000) -> 0.78014706
A9: Kokosmilch | B9: 320 | D9: =IF(ROW()-5=$N$29,Meal3[[#Totals],[Massenanpassung]]*$N$31,Meal3[[#This Row],[Menge '[g']]]*$N$31) -> 101.37708 | E9: =Meal3[[#This Row],[Berechnete Menge '[g']]]*Input!$B$7 -> 405.50832 | F9: =IFERROR(Meal3[[#This Row],[Gesamtmenge '[g']]]*$L$36,"-") -> 0 | G9: =IFERROR(VLOOKUP(Meal3[[#This Row],[Zutat '[Name aus Tabelle']]],Tabelle2[],11,FALSE)*Meal3[[#This Row],[Berechnete Menge '[g']]],"") -> 0.25090827 | H9: =IFERROR(Meal3[[#This Row],[Berechnete Menge '[g']]]*Meal3[[#This Row],[Kaloriendichte '[kcal/g']]],"") -> 191.60268 | I9: =IFERROR(Meal3[[#This Row],[Berechnete Menge '[g']]]*Meal3[[#This Row],[Proteindichte '[g/g']]],"") -> 2.0275416 | J9: =IFERROR(VLOOKUP(Meal3[[#This Row],[Zutat '[Name aus Tabelle']]],Tabelle2[],13,FALSE),"") -> 1.89 | K9: =IFERROR(VLOOKUP(Meal3[[#This Row],[Zutat '[Name aus Tabelle']]],Tabelle2[],14,FALSE),"") -> 0.02 | L9: =IFERROR(Meal3[[#This Row],[Kaloriendichte '[kcal/g']]]*Meal3[[#This Row],[Menge '[g']]],0) -> 604.8 | M9: =IFERROR(Meal3[[#This Row],[Proteindichte '[g/g']]]*Meal3[[#This Row],[Menge '[g']]],0) -> 6.4 | N9: =IFERROR(($N$28*(Meal3[[#Totals],[Kalorien vorher '[kcal']]]-Meal3[[#This Row],[Kalorien vorher '[kcal']]])-(Meal3[[#Totals],[Proteine vorher '[g']]]-Meal3[[#This Row],[Proteine vorher '[g']]]))/(Meal3[[#This Row],[Proteindichte '[g/g']]]-$N$28*Meal3[[#This Row],[Kaloriendichte '[kcal/g']]]),1000000) -> 286.63522 | O9: =IFERROR(ABS(Meal3[[#This Row],[Massenanpassung]]-Meal3[[#This Row],[Menge '[g']]])/Meal3[[#This Row],[Menge '[g']]],1000000) -> 0.10426494
D10: =IF(ROW()-5=$N$29,Meal3[[#Totals],[Massenanpassung]]*$N$31,Meal3[[#This Row],[Menge '[g']]]*$N$31) -> 0 | E10: =Meal3[[#This Row],[Berechnete Menge '[g']]]*Input!$B$7 -> 0 | F10: =IFERROR(Meal3[[#This Row],[Gesamtmenge '[g']]]*$L$36,"-") -> 0 | G10: =IFERROR(VLOOKUP(Meal3[[#This Row],[Zutat '[Name aus Tabelle']]],Tabelle2[],11,FALSE)*Meal3[[#This Row],[Berechnete Menge '[g']]],"") | H10: =IFERROR(Meal3[[#This Row],[Berechnete Menge '[g']]]*Meal3[[#This Row],[Kaloriendichte '[kcal/g']]],"") | I10: =IFERROR(Meal3[[#This Row],[Berechnete Menge '[g']]]*Meal3[[#This Row],[Proteindichte '[g/g']]],"") | J10: =IFERROR(VLOOKUP(Meal3[[#This Row],[Zutat '[Name aus Tabelle']]],Tabelle2[],13,FALSE),"") | K10: =IFERROR(VLOOKUP(Meal3[[#This Row],[Zutat '[Name aus Tabelle']]],Tabelle2[],14,FALSE),"") | L10: =IFERROR(Meal3[[#This Row],[Kaloriendichte '[kcal/g']]]*Meal3[[#This Row],[Menge '[g']]],0) -> 0 | M10: =IFERROR(Meal3[[#This Row],[Proteindichte '[g/g']]]*Meal3[[#This Row],[Menge '[g']]],0) -> 0 | N10: =IFERROR(($N$28*(Meal3[[#Totals],[Kalorien vorher '[kcal']]]-Meal3[[#This Row],[Kalorien vorher '[kcal']]])-(Meal3[[#Totals],[Proteine vorher '[g']]]-Meal3[[#This Row],[Proteine vorher '[g']]]))/(Meal3[[#This Row],[Proteindichte '[g/g']]]-$N$28*Meal3[[#This Row],[Kaloriendichte '[kcal/g']]]),1000000) -> 1000000 | O10: =IFERROR(ABS(Meal3[[#This Row],[Massenanpassung]]-Meal3[[#This Row],[Menge '[g']]])/Meal3[[#This Row],[Menge '[g']]],1000000) -> 1000000
D11: =IF(ROW()-5=$N$29,Meal3[[#Totals],[Massenanpassung]]*$N$31,Meal3[[#This Row],[Menge '[g']]]*$N$31) -> 0 | E11: =Meal3[[#This Row],[Berechnete Menge '[g']]]*Input!$B$7 -> 0 | F11: =IFERROR(Meal3[[#This Row],[Gesamtmenge '[g']]]*$L$36,"-") -> 0 | G11: =IFERROR(VLOOKUP(Meal3[[#This Row],[Zutat '[Name aus Tabelle']]],Tabelle2[],11,FALSE)*Meal3[[#This Row],[Berechnete Menge '[g']]],"") | H11: =IFERROR(Meal3[[#This Row],[Berechnete Menge '[g']]]*Meal3[[#This Row],[Kaloriendichte '[kcal/g']]],"") | I11: =IFERROR(Meal3[[#This Row],[Berechnete Menge '[g']]]*Meal3[[#This Row],[Proteindichte '[g/g']]],"") | J11: =IFERROR(VLOOKUP(Meal3[[#This Row],[Zutat '[Name aus Tabelle']]],Tabelle2[],13,FALSE),"") | K11: =IFERROR(VLOOKUP(Meal3[[#This Row],[Zutat '[Name aus Tabelle']]],Tabelle2[],14,FALSE),"") | L11: =IFERROR(Meal3[[#This Row],[Kaloriendichte '[kcal/g']]]*Meal3[[#This Row],[Menge '[g']]],0) -> 0 | M11: =IFERROR(Meal3[[#This Row],[Proteindichte '[g/g']]]*Meal3[[#This Row],[Menge '[g']]],0) -> 0 | N11: =IFERROR(($N$28*(Meal3[[#Totals],[Kalorien vorher '[kcal']]]-Meal3[[#This Row],[Kalorien vorher '[kcal']]])-(Meal3[[#Totals],[Proteine vorher '[g']]]-Meal3[[#This Row],[Proteine vorher '[g']]]))/(Meal3[[#This Row],[Proteindichte '[g/g']]]-$N$28*Meal3[[#This Row],[Kaloriendichte '[kcal/g']]]),1000000) -> 1000000 | O11: =IFERROR(ABS(Meal3[[#This Row],[Massenanpassung]]-Meal3[[#This Row],[Menge '[g']]])/Meal3[[#This Row],[Menge '[g']]],1000000) -> 1000000
D12: =IF(ROW()-5=$N$29,Meal3[[#Totals],[Massenanpassung]]*$N$31,Meal3[[#This Row],[Menge '[g']]]*$N$31) -> 0 | E12: =Meal3[[#This Row],[Berechnete Menge '[g']]]*Input!$B$7 -> 0 | F12: =IFERROR(Meal3[[#This Row],[Gesamtmenge '[g']]]*$L$36,"-") -> 0 | G12: =IFERROR(VLOOKUP(Meal3[[#This Row],[Zutat '[Name aus Tabelle']]],Tabelle2[],11,FALSE)*Meal3[[#This Row],[Berechnete Menge '[g']]],"") | H12: =IFERROR(Meal3[[#This Row],[Berechnete Menge '[g']]]*Meal3[[#This Row],[Kaloriendichte '[kcal/g']]],"") | I12: =IFERROR(Meal3[[#This Row],[Berechnete Menge '[g']]]*Meal3[[#This Row],[Proteindichte '[g/g']]],"") | J12: =IFERROR(VLOOKUP(Meal3[[#This Row],[Zutat '[Name aus Tabelle']]],Tabelle2[],13,FALSE),"") | K12: =IFERROR(VLOOKUP(Meal3[[#This Row],[Zutat '[Name aus Tabelle']]],Tabelle2[],14,FALSE),"") | L12: =IFERROR(Meal3[[#This Row],[Kaloriendichte '[kcal/g']]]*Meal3[[#This Row],[Menge '[g']]],0) -> 0 | M12: =IFERROR(Meal3[[#This Row],[Proteindichte '[g/g']]]*Meal3[[#This Row],[Menge '[g']]],0) -> 0 | N12: =IFERROR(($N$28*(Meal3[[#Totals],[Kalorien vorher '[kcal']]]-Meal3[[#This Row],[Kalorien vorher '[kcal']]])-(Meal3[[#Totals],[Proteine vorher '[g']]]-Meal3[[#This Row],[Proteine vorher '[g']]]))/(Meal3[[#This Row],[Proteindichte '[g/g']]]-$N$28*Meal3[[#This Row],[Kaloriendichte '[kcal/g']]]),1000000) -> 1000000 | O12: =IFERROR(ABS(Meal3[[#This Row],[Massenanpassung]]-Meal3[[#This Row],[Menge '[g']]])/Meal3[[#This Row],[Menge '[g']]],1000000) -> 1000000
D13: =IF(ROW()-5=$N$29,Meal3[[#Totals],[Massenanpassung]]*$N$31,Meal3[[#This Row],[Menge '[g']]]*$N$31) -> 0 | E13: =Meal3[[#This Row],[Berechnete Menge '[g']]]*Input!$B$7 -> 0 | F13: =IFERROR(Meal3[[#This Row],[Gesamtmenge '[g']]]*$L$36,"-") -> 0 | G13: =IFERROR(VLOOKUP(Meal3[[#This Row],[Zutat '[Name aus Tabelle']]],Tabelle2[],11,FALSE)*Meal3[[#This Row],[Berechnete Menge '[g']]],"") | H13: =IFERROR(Meal3[[#This Row],[Berechnete Menge '[g']]]*Meal3[[#This Row],[Kaloriendichte '[kcal/g']]],"") | I13: =IFERROR(Meal3[[#This Row],[Berechnete Menge '[g']]]*Meal3[[#This Row],[Proteindichte '[g/g']]],"") | J13: =IFERROR(VLOOKUP(Meal3[[#This Row],[Zutat '[Name aus Tabelle']]],Tabelle2[],13,FALSE),"") | K13: =IFERROR(VLOOKUP(Meal3[[#This Row],[Zutat '[Name aus Tabelle']]],Tabelle2[],14,FALSE),"") | L13: =IFERROR(Meal3[[#This Row],[Kaloriendichte '[kcal/g']]]*Meal3[[#This Row],[Menge '[g']]],0) -> 0 | M13: =IFERROR(Meal3[[#This Row],[Proteindichte '[g/g']]]*Meal3[[#This Row],[Menge '[g']]],0) -> 0 | N13: =IFERROR(($N$28*(Meal3[[#Totals],[Kalorien vorher '[kcal']]]-Meal3[[#This Row],[Kalorien vorher '[kcal']]])-(Meal3[[#Totals],[Proteine vorher '[g']]]-Meal3[[#This Row],[Proteine vorher '[g']]]))/(Meal3[[#This Row],[Proteindichte '[g/g']]]-$N$28*Meal3[[#This Row],[Kaloriendichte '[kcal/g']]]),1000000) -> 1000000 | O13: =IFERROR(ABS(Meal3[[#This Row],[Massenanpassung]]-Meal3[[#This Row],[Menge '[g']]])/Meal3[[#This Row],[Menge '[g']]],1000000) -> 1000000
D14: =IF(ROW()-5=$N$29,Meal3[[#Totals],[Massenanpassung]]*$N$31,Meal3[[#This Row],[Menge '[g']]]*$N$31) -> 0 | E14: =Meal3[[#This Row],[Berechnete Menge '[g']]]*Input!$B$7 -> 0 | F14: =IFERROR(Meal3[[#This Row],[Gesamtmenge '[g']]]*$L$36,"-") -> 0 | G14: =IFERROR(VLOOKUP(Meal3[[#This Row],[Zutat '[Name aus Tabelle']]],Tabelle2[],11,FALSE)*Meal3[[#This Row],[Berechnete Menge '[g']]],"") | H14: =IFERROR(Meal3[[#This Row],[Berechnete Menge '[g']]]*Meal3[[#This Row],[Kaloriendichte '[kcal/g']]],"") | I14: =IFERROR(Meal3[[#This Row],[Berechnete Menge '[g']]]*Meal3[[#This Row],[Proteindichte '[g/g']]],"") | J14: =IFERROR(VLOOKUP(Meal3[[#This Row],[Zutat '[Name aus Tabelle']]],Tabelle2[],13,FALSE),"") | K14: =IFERROR(VLOOKUP(Meal3[[#This Row],[Zutat '[Name aus Tabelle']]],Tabelle2[],14,FALSE),"") | L14: =IFERROR(Meal3[[#This Row],[Kaloriendichte '[kcal/g']]]*Meal3[[#This Row],[Menge '[g']]],0) -> 0 | M14: =IFERROR(Meal3[[#This Row],[Proteindichte '[g/g']]]*Meal3[[#This Row],[Menge '[g']]],0) -> 0 | N14: =IFERROR(($N$28*(Meal3[[#Totals],[Kalorien vorher '[kcal']]]-Meal3[[#This Row],[Kalorien vorher '[kcal']]])-(Meal3[[#Totals],[Proteine vorher '[g']]]-Meal3[[#This Row],[Proteine vorher '[g']]]))/(Meal3[[#This Row],[Proteindichte '[g/g']]]-$N$28*Meal3[[#This Row],[Kaloriendichte '[kcal/g']]]),1000000) -> 1000000 | O14: =IFERROR(ABS(Meal3[[#This Row],[Massenanpassung]]-Meal3[[#This Row],[Menge '[g']]])/Meal3[[#This Row],[Menge '[g']]],1000000) -> 1000000
D15: =IF(ROW()-5=$N$29,Meal3[[#Totals],[Massenanpassung]]*$N$31,Meal3[[#This Row],[Menge '[g']]]*$N$31) -> 0 | E15: =Meal3[[#This Row],[Berechnete Menge '[g']]]*Input!$B$7 -> 0 | F15: =IFERROR(Meal3[[#This Row],[Gesamtmenge '[g']]]*$L$36,"-") -> 0 | G15: =IFERROR(VLOOKUP(Meal3[[#This Row],[Zutat '[Name aus Tabelle']]],Tabelle2[],11,FALSE)*Meal3[[#This Row],[Berechnete Menge '[g']]],"") | H15: =IFERROR(Meal3[[#This Row],[Berechnete Menge '[g']]]*Meal3[[#This Row],[Kaloriendichte '[kcal/g']]],"") | I15: =IFERROR(Meal3[[#This Row],[Berechnete Menge '[g']]]*Meal3[[#This Row],[Proteindichte '[g/g']]],"") | J15: =IFERROR(VLOOKUP(Meal3[[#This Row],[Zutat '[Name aus Tabelle']]],Tabelle2[],13,FALSE),"") | K15: =IFERROR(VLOOKUP(Meal3[[#This Row],[Zutat '[Name aus Tabelle']]],Tabelle2[],14,FALSE),"") | L15: =IFERROR(Meal3[[#This Row],[Kaloriendichte '[kcal/g']]]*Meal3[[#This Row],[Menge '[g']]],0) -> 0 | M15: =IFERROR(Meal3[[#This Row],[Proteindichte '[g/g']]]*Meal3[[#This Row],[Menge '[g']]],0) -> 0 | N15: =IFERROR(($N$28*(Meal3[[#Totals],[Kalorien vorher '[kcal']]]-Meal3[[#This Row],[Kalorien vorher '[kcal']]])-(Meal3[[#Totals],[Proteine vorher '[g']]]-Meal3[[#This Row],[Proteine vorher '[g']]]))/(Meal3[[#This Row],[Proteindichte '[g/g']]]-$N$28*Meal3[[#This Row],[Kaloriendichte '[kcal/g']]]),1000000) -> 1000000 | O15: =IFERROR(ABS(Meal3[[#This Row],[Massenanpassung]]-Meal3[[#This Row],[Menge '[g']]])/Meal3[[#This Row],[Menge '[g']]],1000000) -> 1000000
D16: =IF(ROW()-5=$N$29,Meal3[[#Totals],[Massenanpassung]]*$N$31,Meal3[[#This Row],[Menge '[g']]]*$N$31) -> 0 | E16: =Meal3[[#This Row],[Berechnete Menge '[g']]]*Input!$B$7 -> 0 | F16: =IFERROR(Meal3[[#This Row],[Gesamtmenge '[g']]]*$L$36,"-") -> 0 | G16: =IFERROR(VLOOKUP(Meal3[[#This Row],[Zutat '[Name aus Tabelle']]],Tabelle2[],11,FALSE)*Meal3[[#This Row],[Berechnete Menge '[g']]],"") | H16: =IFERROR(Meal3[[#This Row],[Berechnete Menge '[g']]]*Meal3[[#This Row],[Kaloriendichte '[kcal/g']]],"") | I16: =IFERROR(Meal3[[#This Row],[Berechnete Menge '[g']]]*Meal3[[#This Row],[Proteindichte '[g/g']]],"") | J16: =IFERROR(VLOOKUP(Meal3[[#This Row],[Zutat '[Name aus Tabelle']]],Tabelle2[],13,FALSE),"") | K16: =IFERROR(VLOOKUP(Meal3[[#This Row],[Zutat '[Name aus Tabelle']]],Tabelle2[],14,FALSE),"") | L16: =IFERROR(Meal3[[#This Row],[Kaloriendichte '[kcal/g']]]*Meal3[[#This Row],[Menge '[g']]],0) -> 0 | M16: =IFERROR(Meal3[[#This Row],[Proteindichte '[g/g']]]*Meal3[[#This Row],[Menge '[g']]],0) -> 0 | N16: =IFERROR(($N$28*(Meal3[[#Totals],[Kalorien vorher '[kcal']]]-Meal3[[#This Row],[Kalorien vorher '[kcal']]])-(Meal3[[#Totals],[Proteine vorher '[g']]]-Meal3[[#This Row],[Proteine vorher '[g']]]))/(Meal3[[#This Row],[Proteindichte '[g/g']]]-$N$28*Meal3[[#This Row],[Kaloriendichte '[kcal/g']]]),1000000) -> 1000000 | O16: =IFERROR(ABS(Meal3[[#This Row],[Massenanpassung]]-Meal3[[#This Row],[Menge '[g']]])/Meal3[[#This Row],[Menge '[g']]],1000000) -> 1000000
D17: =IF(ROW()-5=$N$29,Meal3[[#Totals],[Massenanpassung]]*$N$31,Meal3[[#This Row],[Menge '[g']]]*$N$31) -> 0 | E17: =Meal3[[#This Row],[Berechnete Menge '[g']]]*Input!$B$7 -> 0 | F17: =IFERROR(Meal3[[#This Row],[Gesamtmenge '[g']]]*$L$36,"-") -> 0 | G17: =IFERROR(VLOOKUP(Meal3[[#This Row],[Zutat '[Name aus Tabelle']]],Tabelle2[],11,FALSE)*Meal3[[#This Row],[Berechnete Menge '[g']]],"") | H17: =IFERROR(Meal3[[#This Row],[Berechnete Menge '[g']]]*Meal3[[#This Row],[Kaloriendichte '[kcal/g']]],"") | I17: =IFERROR(Meal3[[#This Row],[Berechnete Menge '[g']]]*Meal3[[#This Row],[Proteindichte '[g/g']]],"") | J17: =IFERROR(VLOOKUP(Meal3[[#This Row],[Zutat '[Name aus Tabelle']]],Tabelle2[],13,FALSE),"") | K17: =IFERROR(VLOOKUP(Meal3[[#This Row],[Zutat '[Name aus Tabelle']]],Tabelle2[],14,FALSE),"") | L17: =IFERROR(Meal3[[#This Row],[Kaloriendichte '[kcal/g']]]*Meal3[[#This Row],[Menge '[g']]],0) -> 0 | M17: =IFERROR(Meal3[[#This Row],[Proteindichte '[g/g']]]*Meal3[[#This Row],[Menge '[g']]],0) -> 0 | N17: =IFERROR(($N$28*(Meal3[[#Totals],[Kalorien vorher '[kcal']]]-Meal3[[#This Row],[Kalorien vorher '[kcal']]])-(Meal3[[#Totals],[Proteine vorher '[g']]]-Meal3[[#This Row],[Proteine vorher '[g']]]))/(Meal3[[#This Row],[Proteindichte '[g/g']]]-$N$28*Meal3[[#This Row],[Kaloriendichte '[kcal/g']]]),1000000) -> 1000000 | O17: =IFERROR(ABS(Meal3[[#This Row],[Massenanpassung]]-Meal3[[#This Row],[Menge '[g']]])/Meal3[[#This Row],[Menge '[g']]],1000000) -> 1000000
D18: =IF(ROW()-5=$N$29,Meal3[[#Totals],[Massenanpassung]]*$N$31,Meal3[[#This Row],[Menge '[g']]]*$N$31) -> 0 | E18: =Meal3[[#This Row],[Berechnete Menge '[g']]]*Input!$B$7 -> 0 | F18: =IFERROR(Meal3[[#This Row],[Gesamtmenge '[g']]]*$L$36,"-") -> 0 | G18: =IFERROR(VLOOKUP(Meal3[[#This Row],[Zutat '[Name aus Tabelle']]],Tabelle2[],11,FALSE)*Meal3[[#This Row],[Berechnete Menge '[g']]],"") | H18: =IFERROR(Meal3[[#This Row],[Berechnete Menge '[g']]]*Meal3[[#This Row],[Kaloriendichte '[kcal/g']]],"") | I18: =IFERROR(Meal3[[#This Row],[Berechnete Menge '[g']]]*Meal3[[#This Row],[Proteindichte '[g/g']]],"") | J18: =IFERROR(VLOOKUP(Meal3[[#This Row],[Zutat '[Name aus Tabelle']]],Tabelle2[],13,FALSE),"") | K18: =IFERROR(VLOOKUP(Meal3[[#This Row],[Zutat '[Name aus Tabelle']]],Tabelle2[],14,FALSE),"") | L18: =IFERROR(Meal3[[#This Row],[Kaloriendichte '[kcal/g']]]*Meal3[[#This Row],[Menge '[g']]],0) -> 0 | M18: =IFERROR(Meal3[[#This Row],[Proteindichte '[g/g']]]*Meal3[[#This Row],[Menge '[g']]],0) -> 0 | N18: =IFERROR(($N$28*(Meal3[[#Totals],[Kalorien vorher '[kcal']]]-Meal3[[#This Row],[Kalorien vorher '[kcal']]])-(Meal3[[#Totals],[Proteine vorher '[g']]]-Meal3[[#This Row],[Proteine vorher '[g']]]))/(Meal3[[#This Row],[Proteindichte '[g/g']]]-$N$28*Meal3[[#This Row],[Kaloriendichte '[kcal/g']]]),1000000) -> 1000000 | O18: =IFERROR(ABS(Meal3[[#This Row],[Massenanpassung]]-Meal3[[#This Row],[Menge '[g']]])/Meal3[[#This Row],[Menge '[g']]],1000000) -> 1000000
D19: =IF(ROW()-5=$N$29,Meal3[[#Totals],[Massenanpassung]]*$N$31,Meal3[[#This Row],[Menge '[g']]]*$N$31) -> 0 | E19: =Meal3[[#This Row],[Berechnete Menge '[g']]]*Input!$B$7 -> 0 | F19: =IFERROR(Meal3[[#This Row],[Gesamtmenge '[g']]]*$L$36,"-") -> 0 | G19: =IFERROR(VLOOKUP(Meal3[[#This Row],[Zutat '[Name aus Tabelle']]],Tabelle2[],11,FALSE)*Meal3[[#This Row],[Berechnete Menge '[g']]],"") | H19: =IFERROR(Meal3[[#This Row],[Berechnete Menge '[g']]]*Meal3[[#This Row],[Kaloriendichte '[kcal/g']]],"") | I19: =IFERROR(Meal3[[#This Row],[Berechnete Menge '[g']]]*Meal3[[#This Row],[Proteindichte '[g/g']]],"") | J19: =IFERROR(VLOOKUP(Meal3[[#This Row],[Zutat '[Name aus Tabelle']]],Tabelle2[],13,FALSE),"") | K19: =IFERROR(VLOOKUP(Meal3[[#This Row],[Zutat '[Name aus Tabelle']]],Tabelle2[],14,FALSE),"") | L19: =IFERROR(Meal3[[#This Row],[Kaloriendichte '[kcal/g']]]*Meal3[[#This Row],[Menge '[g']]],0) -> 0 | M19: =IFERROR(Meal3[[#This Row],[Proteindichte '[g/g']]]*Meal3[[#This Row],[Menge '[g']]],0) -> 0 | N19: =IFERROR(($N$28*(Meal3[[#Totals],[Kalorien vorher '[kcal']]]-Meal3[[#This Row],[Kalorien vorher '[kcal']]])-(Meal3[[#Totals],[Proteine vorher '[g']]]-Meal3[[#This Row],[Proteine vorher '[g']]]))/(Meal3[[#This Row],[Proteindichte '[g/g']]]-$N$28*Meal3[[#This Row],[Kaloriendichte '[kcal/g']]]),1000000) -> 1000000 | O19: =IFERROR(ABS(Meal3[[#This Row],[Massenanpassung]]-Meal3[[#This Row],[Menge '[g']]])/Meal3[[#This Row],[Menge '[g']]],1000000) -> 1000000
D20: =IF(ROW()-5=$N$29,Meal3[[#Totals],[Massenanpassung]]*$N$31,Meal3[[#This Row],[Menge '[g']]]*$N$31) -> 0 | E20: =Meal3[[#This Row],[Berechnete Menge '[g']]]*Input!$B$7 -> 0 | F20: =IFERROR(Meal3[[#This Row],[Gesamtmenge '[g']]]*$L$36,"-") -> 0 | G20: =IFERROR(VLOOKUP(Meal3[[#This Row],[Zutat '[Name aus Tabelle']]],Tabelle2[],11,FALSE)*Meal3[[#This Row],[Berechnete Menge '[g']]],"") | H20: =IFERROR(Meal3[[#This Row],[Berechnete Menge '[g']]]*Meal3[[#This Row],[Kaloriendichte '[kcal/g']]],"") | I20: =IFERROR(Meal3[[#This Row],[Berechnete Menge '[g']]]*Meal3[[#This Row],[Proteindichte '[g/g']]],"") | J20: =IFERROR(VLOOKUP(Meal3[[#This Row],[Zutat '[Name aus Tabelle']]],Tabelle2[],13,FALSE),"") | K20: =IFERROR(VLOOKUP(Meal3[[#This Row],[Zutat '[Name aus Tabelle']]],Tabelle2[],14,FALSE),"") | L20: =IFERROR(Meal3[[#This Row],[Kaloriendichte '[kcal/g']]]*Meal3[[#This Row],[Menge '[g']]],0) -> 0 | M20: =IFERROR(Meal3[[#This Row],[Proteindichte '[g/g']]]*Meal3[[#This Row],[Menge '[g']]],0) -> 0 | N20: =IFERROR(($N$28*(Meal3[[#Totals],[Kalorien vorher '[kcal']]]-Meal3[[#This Row],[Kalorien vorher '[kcal']]])-(Meal3[[#Totals],[Proteine vorher '[g']]]-Meal3[[#This Row],[Proteine vorher '[g']]]))/(Meal3[[#This Row],[Proteindichte '[g/g']]]-$N$28*Meal3[[#This Row],[Kaloriendichte '[kcal/g']]]),1000000) -> 1000000 | O20: =IFERROR(ABS(Meal3[[#This Row],[Massenanpassung]]-Meal3[[#This Row],[Menge '[g']]])/Meal3[[#This Row],[Menge '[g']]],1000000) -> 1000000
D21: =IF(ROW()-5=$N$29,Meal3[[#Totals],[Massenanpassung]]*$N$31,Meal3[[#This Row],[Menge '[g']]]*$N$31) -> 0 | E21: =Meal3[[#This Row],[Berechnete Menge '[g']]]*Input!$B$7 -> 0 | F21: =IFERROR(Meal3[[#This Row],[Gesamtmenge '[g']]]*$L$36,"-") -> 0 | G21: =IFERROR(VLOOKUP(Meal3[[#This Row],[Zutat '[Name aus Tabelle']]],Tabelle2[],11,FALSE)*Meal3[[#This Row],[Berechnete Menge '[g']]],"") | H21: =IFERROR(Meal3[[#This Row],[Berechnete Menge '[g']]]*Meal3[[#This Row],[Kaloriendichte '[kcal/g']]],"") | I21: =IFERROR(Meal3[[#This Row],[Berechnete Menge '[g']]]*Meal3[[#This Row],[Proteindichte '[g/g']]],"") | J21: =IFERROR(VLOOKUP(Meal3[[#This Row],[Zutat '[Name aus Tabelle']]],Tabelle2[],13,FALSE),"") | K21: =IFERROR(VLOOKUP(Meal3[[#This Row],[Zutat '[Name aus Tabelle']]],Tabelle2[],14,FALSE),"") | L21: =IFERROR(Meal3[[#This Row],[Kaloriendichte '[kcal/g']]]*Meal3[[#This Row],[Menge '[g']]],0) -> 0 | M21: =IFERROR(Meal3[[#This Row],[Proteindichte '[g/g']]]*Meal3[[#This Row],[Menge '[g']]],0) -> 0 | N21: =IFERROR(($N$28*(Meal3[[#Totals],[Kalorien vorher '[kcal']]]-Meal3[[#This Row],[Kalorien vorher '[kcal']]])-(Meal3[[#Totals],[Proteine vorher '[g']]]-Meal3[[#This Row],[Proteine vorher '[g']]]))/(Meal3[[#This Row],[Proteindichte '[g/g']]]-$N$28*Meal3[[#This Row],[Kaloriendichte '[kcal/g']]]),1000000) -> 1000000 | O21: =IFERROR(ABS(Meal3[[#This Row],[Massenanpassung]]-Meal3[[#This Row],[Menge '[g']]])/Meal3[[#This Row],[Menge '[g']]],1000000) -> 1000000
... D26: =IF(ROW()-5=$N$29,Meal3[[#Totals],[Massenanpassung]]*$N$31,Meal3[[#This Row],[Menge '[g']]]*$N$31) -> 0 | E26: =Meal3[[#This Row],[Berechnete Menge '[g']]]*Input!$B$7 -> 0 | F26: =IFERROR(Meal3[[#This Row],[Gesamtmenge '[g']]]*$L$36,"-") -> 0 | G26: =IFERROR(VLOOKUP(Meal3[[#This Row],[Zutat '[Name aus Tabelle']]],Tabelle2[],11,FALSE)*Meal3[[#This Row],[Berechnete Menge '[g']]],"") | H26: =IFERROR(Meal3[[#This Row],[Berechnete Menge '[g']]]*Meal3[[#This Row],[Kaloriendichte '[kcal/g']]],"") | I26: =IFERROR(Meal3[[#This Row],[Berechnete Menge '[g']]]*Meal3[[#This Row],[Proteindichte '[g/g']]],"") | J26: =IFERROR(VLOOKUP(Meal3[[#This Row],[Zutat '[Name aus Tabelle']]],Tabelle2[],13,FALSE),"") | K26: =IFERROR(VLOOKUP(Meal3[[#This Row],[Zutat '[Name aus Tabelle']]],Tabelle2[],14,FALSE),"") | L26: =IFERROR(Meal3[[#This Row],[Kaloriendichte '[kcal/g']]]*Meal3[[#This Row],[Menge '[g']]],0) -> 0 | M26: =IFERROR(Meal3[[#This Row],[Proteindichte '[g/g']]]*Meal3[[#This Row],[Menge '[g']]],0) -> 0 | N26: =IFERROR(($N$28*(Meal3[[#Totals],[Kalorien vorher '[kcal']]]-Meal3[[#This Row],[Kalorien vorher '[kcal']]])-(Meal3[[#Totals],[Proteine vorher '[g']]]-Meal3[[#This Row],[Proteine vorher '[g']]]))/(Meal3[[#This Row],[Proteindichte '[g/g']]]-$N$28*Meal3[[#This Row],[Kaloriendichte '[kcal/g']]]),1000000) -> 1000000 | O26: =IFERROR(ABS(Meal3[[#This Row],[Massenanpassung]]-Meal3[[#This Row],[Menge '[g']]])/Meal3[[#This Row],[Menge '[g']]],1000000) -> 1000000
A27: Ergebnis | G27: =SUBTOTAL(109,Meal3[Kosten '[€']]) -> 3.3236208 | H27: =SUBTOTAL(109,Meal3[Kalorien '[kcal']]) -> 750 | I27: =SUBTOTAL(109,Meal3[Proteine '[g']]) -> 50 | L27: =SUBTOTAL(109,Meal3[Kalorien vorher '[kcal']]) -> 2342.05 | M27: =SUBTOTAL(109,Meal3[Proteine vorher '[g']]) -> 152.6 | N27: {=INDEX(Meal3[Massenanpassung],N29)} -> 551.133 | O27: =_xlfn.MINIFS(Meal3[Relative Abweichung],Meal3[Massenanpassung],">0",Meal3[Spalte1],"<>x") -> 0.049777152
A28: Übrige Kalorien/Proteine: | H28: ='Meal 2'!H28-Meal3[[#Totals],[Kalorien '[kcal']]] -> 750 | I28: ='Meal 2'!I28-Meal3[[#Totals],[Proteine '[g']]] -> 50 | M28: P_soll/K_soll | N28: =K4/K3 -> 0.066666667
M29: min rel. Abw. Zeile | N29: =MATCH(Meal3[[#Totals],[Relative Abweichung]],Meal3[Relative Abweichung],0) -> 1
M30: K_ges mit neuer Masse | N30: {=Meal3[[#Totals],[Kalorien vorher '[kcal']]]-INDEX(Meal3[Kalorien vorher '[kcal']],N29)+Meal3[[#Totals],[Massenanpassung]]*INDEX(Meal3[Kaloriendichte '[kcal/g']],N29)} -> 2367.399
M31: skal. Faktor für Massen | N31: =K3/N30 -> 0.31680338

Sheet Meal 4
A1: Meal 4
A3: Kalorienbedarf [kcal]: | K3: =IF(ISBLANK(B3),'Meal 3'!H28/(Input!B6-3),B3) -> 750
A4: Proteinbedarf [g]: | K4: =IF(ISBLANK(B4),'Meal 3'!I28/(Input!B6-3),B4) -> 50
A5: Zutat [Name aus Tabelle] | B5: Menge [g] | C5: Spalte1 | D5: Berechnete Menge [g] | E5: Gesamtmenge [g] | F5: Skal. Gesamtmenge [g] | G5: Kosten [€] | H5: Kalorien [kcal] | I5: Proteine [g] | J5: Kaloriendichte [kcal/g] | K5: Proteindichte [g/g] | L5: Kalorien vorher [kcal] | M5: Proteine vorher [g] | N5: Massenanpassung | O5: Relative Abweichung
A6: Brot | B6: 100 | D6: =IF(ROW()-5=$N$29,Meal4[[#Totals],[Massenanpassung]]*$N$31,Meal4[[#This Row],[Menge '[g']]]*$N$31) -> 141.46955 | E6: =Meal4[[#This Row],[Berechnete Menge '[g']]]*Input!$B$7 -> 565.87818 | F6: =IFERROR(Meal4[[#This Row],[Gesamtmenge '[g']]]*$L$36,"-") -> 0 | G6: =IFERROR(VLOOKUP(Meal4[[#This Row],[Zutat '[Name aus Tabelle']]],Tabelle2[],11,FALSE)*Meal4[[#This Row],[Berechnete Menge '[g']]],"") -> 0.61892926 | H6: =IFERROR(Meal4[[#This Row],[Berechnete Menge '[g']]]*Meal4[[#This Row],[Kaloriendichte '[kcal/g']]],"") -> 356.50326 | I6: =IFERROR(Meal4[[#This Row],[Berechnete Menge '[g']]]*Meal4[[#This Row],[Proteindichte '[g/g']]],"") -> 9.9028682 | J6: =IFERROR(VLOOKUP(Meal4[[#This Row],[Zutat '[Name aus Tabelle']]],Tabelle2[],13,FALSE),"") -> 2.52 | K6: =IFERROR(VLOOKUP(Meal4[[#This Row],[Zutat '[Name aus Tabelle']]],Tabelle2[],14,FALSE),"") -> 0.07 | L6: =IFERROR(Meal4[[#This Row],[Kaloriendichte '[kcal/g']]]*Meal4[[#This Row],[Menge '[g']]],0) -> 252 | M6: =IFERROR(Meal4[[#This Row],[Proteindichte '[g/g']]]*Meal4[[#This Row],[Menge '[g']]],0) -> 7 | N6: =IFERROR(($N$28*(Meal4[[#Totals],[Kalorien vorher '[kcal']]]-Meal4[[#This Row],[Kalorien vorher '[kcal']]])-(Meal4[[#Totals],[Proteine vorher '[g']]]-Meal4[[#This Row],[Proteine vorher '[g']]]))/(Meal4[[#This Row],[Proteindichte '[g/g']]]-$N$28*Meal4[[#This Row],[Kaloriendichte '[kcal/g']]]),1000000) -> 206.02041 | O6: =IFERROR(ABS(Meal4[[#This Row],[Massenanpassung]]-Meal4[[#This Row],[Menge '[g']]])/Meal4[[#This Row],[Menge '[g']]],1000000) -> 1.0602041
A7: Körniger Frischkäse | B7: 120 | D7: =IF(ROW()-5=$N$29,Meal4[[#Totals],[Massenanpassung]]*$N$31,Meal4[[#This Row],[Menge '[g']]]*$N$31) -> 169.76345 | E7: =Meal4[[#This Row],[Berechnete Menge '[g']]]*Input!$B$7 -> 679.05382 | F7: =IFERROR(Meal4[[#This Row],[Gesamtmenge '[g']]]*$L$36,"-") -> 0 | G7: =IFERROR(VLOOKUP(Meal4[[#This Row],[Zutat '[Name aus Tabelle']]],Tabelle2[],11,FALSE)*Meal4[[#This Row],[Berechnete Menge '[g']]],"") -> 0.8403291 | H7: =IFERROR(Meal4[[#This Row],[Berechnete Menge '[g']]]*Meal4[[#This Row],[Kaloriendichte '[kcal/g']]],"") -> 164.67055 | I7: =IFERROR(Meal4[[#This Row],[Berechnete Menge '[g']]]*Meal4[[#This Row],[Proteindichte '[g/g']]],"") -> 18.67398 | J7: =IFERROR(VLOOKUP(Meal4[[#This Row],[Zutat '[Name aus Tabelle']]],Tabelle2[],13,FALSE),"") -> 0.97 | K7: =IFERROR(VLOOKUP(Meal4[[#This Row],[Zutat '[Name aus Tabelle']]],Tabelle2[],14,FALSE),"") -> 0.11 | L7: =IFERROR(Meal4[[#This Row],[Kaloriendichte '[kcal/g']]]*Meal4[[#This Row],[Menge '[g']]],0) -> 116.4 | M7: =IFERROR(Meal4[[#This Row],[Proteindichte '[g/g']]]*Meal4[[#This Row],[Menge '[g']]],0) -> 13.2 | N7: =IFERROR(($N$28*(Meal4[[#Totals],[Kalorien vorher '[kcal']]]-Meal4[[#This Row],[Kalorien vorher '[kcal']]])-(Meal4[[#Totals],[Proteine vorher '[g']]]-Meal4[[#This Row],[Proteine vorher '[g']]]))/(Meal4[[#This Row],[Proteindichte '[g/g']]]-$N$28*Meal4[[#This Row],[Kaloriendichte '[kcal/g']]]),1000000) -> -109.19118 | O7: =IFERROR(ABS(Meal4[[#This Row],[Massenanpassung]]-Meal4[[#This Row],[Menge '[g']]])/Meal4[[#This Row],[Menge '[g']]],1000000) -> 1.9099265
A8: Milch | B8: 200 | D8: =IF(ROW()-5=$N$29,Meal4[[#Totals],[Massenanpassung]]*$N$31,Meal4[[#This Row],[Menge '[g']]]*$N$31) -> 282.93909 | E8: =Meal4[[#This Row],[Berechnete Menge '[g']]]*Input!$B$7 -> 1131.7564 | F8: =IFERROR(Meal4[[#This Row],[Gesamtmenge '[g']]]*$L$36,"-") -> 0 | G8: =IFERROR(VLOOKUP(Meal4[[#This Row],[Zutat '[Name aus Tabelle']]],Tabelle2[],11,FALSE)*Meal4[[#This Row],[Berechnete Menge '[g']]],"") -> 0.29708605 | H8: =IFERROR(Meal4[[#This Row],[Berechnete Menge '[g']]]*Meal4[[#This Row],[Kaloriendichte '[kcal/g']]],"") -> 181.08102 | I8: =IFERROR(Meal4[[#This Row],[Berechnete Menge '[g']]]*Meal4[[#This Row],[Proteindichte '[g/g']]],"") -> 9.9028682 | J8: =IFERROR(VLOOKUP(Meal4[[#This Row],[Zutat '[Name aus Tabelle']]],Tabelle2[],13,FALSE),"") -> 0.64 | K8: =IFERROR(VLOOKUP(Meal4[[#This Row],[Zutat '[Name aus Tabelle']]],Tabelle2[],14,FALSE),"") -> 0.035 | L8: =IFERROR(Meal4[[#This Row],[Kaloriendichte '[kcal/g']]]*Meal4[[#This Row],[Menge '[g']]],0) -> 128 | M8: =IFERROR(Meal4[[#This Row],[Proteindichte '[g/g']]]*Meal4[[#This Row],[Menge '[g']]],0) -> 7 | N8: =IFERROR(($N$28*(Meal4[[#Totals],[Kalorien vorher '[kcal']]]-Meal4[[#This Row],[Kalorien vorher '[kcal']]])-(Meal4[[#Totals],[Proteine vorher '[g']]]-Meal4[[#This Row],[Proteine vorher '[g']]]))/(Meal4[[#This Row],[Proteindichte '[g/g']]]-$N$28*Meal4[[#This Row],[Kaloriendichte '[kcal/g']]]),1000000) -> 1555.2174 | O8: =IFERROR(ABS(Meal4[[#This Row],[Massenanpassung]]-Meal4[[#This Row],[Menge '[g']]])/Meal4[[#This Row],[Menge '[g']]],1000000) -> 6.776087
A9: Isolat | B9: 25 | D9: =IF(ROW()-5=$N$29,Meal4[[#Totals],[Massenanpassung]]*$N$31,Meal4[[#This Row],[Menge '[g']]]*$N$31) -> 12.800315 | E9: =Meal4[[#This Row],[Berechnete Menge '[g']]]*Input!$B$7 -> 51.20126 | F9: =IFERROR(Meal4[[#This Row],[Gesamtmenge '[g']]]*$L$36,"-") -> 0 | G9: =IFERROR(VLOOKUP(Meal4[[#This Row],[Zutat '[Name aus Tabelle']]],Tabelle2[],11,FALSE)*Meal4[[#This Row],[Berechnete Menge '[g']]],"") -> 0.30715636 | H9: =IFERROR(Meal4[[#This Row],[Berechnete Menge '[g']]]*Meal4[[#This Row],[Kaloriendichte '[kcal/g']]],"") -> 47.745175 | I9: =IFERROR(Meal4[[#This Row],[Berechnete Menge '[g']]]*Meal4[[#This Row],[Proteindichte '[g/g']]],"") -> 11.520284 | J9: =IFERROR(VLOOKUP(Meal4[[#This Row],[Zutat '[Name aus Tabelle']]],Tabelle2[],13,FALSE),"") -> 3.73 | K9: =IFERROR(VLOOKUP(Meal4[[#This Row],[Zutat '[Name aus Tabelle']]],Tabelle2[],14,FALSE),"") -> 0.9 | L9: =IFERROR(Meal4[[#This Row],[Kaloriendichte '[kcal/g']]]*Meal4[[#This Row],[Menge '[g']]],0) -> 93.25 | M9: =IFERROR(Meal4[[#This Row],[Proteindichte '[g/g']]]*Meal4[[#This Row],[Menge '[g']]],0) -> 22.5 | N9: =IFERROR(($N$28*(Meal4[[#Totals],[Kalorien vorher '[kcal']]]-Meal4[[#This Row],[Kalorien vorher '[kcal']]])-(Meal4[[#Totals],[Proteine vorher '[g']]]-Meal4[[#This Row],[Proteine vorher '[g']]]))/(Meal4[[#This Row],[Proteindichte '[g/g']]]-$N$28*Meal4[[#This Row],[Kaloriendichte '[kcal/g']]]),1000000) -> 9.0481064 | O9: =IFERROR(ABS(Meal4[[#This Row],[Massenanpassung]]-Meal4[[#This Row],[Menge '[g']]])/Meal4[[#This Row],[Menge '[g']]],1000000) -> 0.63807574
D10: =IF(ROW()-5=$N$29,Meal4[[#Totals],[Massenanpassung]]*$N$31,Meal4[[#This Row],[Menge '[g']]]*$N$31) -> 0 | E10: =Meal4[[#This Row],[Berechnete Menge '[g']]]*Input!$B$7 -> 0 | F10: =IFERROR(Meal4[[#This Row],[Gesamtmenge '[g']]]*$L$36,"-") -> 0 | G10: =IFERROR(VLOOKUP(Meal4[[#This Row],[Zutat '[Name aus Tabelle']]],Tabelle2[],11,FALSE)*Meal4[[#This Row],[Berechnete Menge '[g']]],"") | H10: =IFERROR(Meal4[[#This Row],[Berechnete Menge '[g']]]*Meal4[[#This Row],[Kaloriendichte '[kcal/g']]],"") | I10: =IFERROR(Meal4[[#This Row],[Berechnete Menge '[g']]]*Meal4[[#This Row],[Proteindichte '[g/g']]],"") | J10: =IFERROR(VLOOKUP(Meal4[[#This Row],[Zutat '[Name aus Tabelle']]],Tabelle2[],13,FALSE),"") | K10: =IFERROR(VLOOKUP(Meal4[[#This Row],[Zutat '[Name aus Tabelle']]],Tabelle2[],14,FALSE),"") | L10: =IFERROR(Meal4[[#This Row],[Kaloriendichte '[kcal/g']]]*Meal4[[#This Row],[Menge '[g']]],0) -> 0 | M10: =IFERROR(Meal4[[#This Row],[Proteindichte '[g/g']]]*Meal4[[#This Row],[Menge '[g']]],0) -> 0 | N10: =IFERROR(($N$28*(Meal4[[#Totals],[Kalorien vorher '[kcal']]]-Meal4[[#This Row],[Kalorien vorher '[kcal']]])-(Meal4[[#Totals],[Proteine vorher '[g']]]-Meal4[[#This Row],[Proteine vorher '[g']]]))/(Meal4[[#This Row],[Proteindichte '[g/g']]]-$N$28*Meal4[[#This Row],[Kaloriendichte '[kcal/g']]]),1000000) -> 1000000 | O10: =IFERROR(ABS(Meal4[[#This Row],[Massenanpassung]]-Meal4[[#This Row],[Menge '[g']]])/Meal4[[#This Row],[Menge '[g']]],1000000) -> 1000000
D11: =IF(ROW()-5=$N$29,Meal4[[#Totals],[Massenanpassung]]*$N$31,Meal4[[#This Row],[Menge '[g']]]*$N$31) -> 0 | E11: =Meal4[[#This Row],[Berechnete Menge '[g']]]*Input!$B$7 -> 0 | F11: =IFERROR(Meal4[[#This Row],[Gesamtmenge '[g']]]*$L$36,"-") -> 0 | G11: =IFERROR(VLOOKUP(Meal4[[#This Row],[Zutat '[Name aus Tabelle']]],Tabelle2[],11,FALSE)*Meal4[[#This Row],[Berechnete Menge '[g']]],"") | H11: =IFERROR(Meal4[[#This Row],[Berechnete Menge '[g']]]*Meal4[[#This Row],[Kaloriendichte '[kcal/g']]],"") | I11: =IFERROR(Meal4[[#This Row],[Berechnete Menge '[g']]]*Meal4[[#This Row],[Proteindichte '[g/g']]],"") | J11: =IFERROR(VLOOKUP(Meal4[[#This Row],[Zutat '[Name aus Tabelle']]],Tabelle2[],13,FALSE),"") | K11: =IFERROR(VLOOKUP(Meal4[[#This Row],[Zutat '[Name aus Tabelle']]],Tabelle2[],14,FALSE),"") | L11: =IFERROR(Meal4[[#This Row],[Kaloriendichte '[kcal/g']]]*Meal4[[#This Row],[Menge '[g']]],0) -> 0 | M11: =IFERROR(Meal4[[#This Row],[Proteindichte '[g/g']]]*Meal4[[#This Row],[Menge '[g']]],0) -> 0 | N11: =IFERROR(($N$28*(Meal4[[#Totals],[Kalorien vorher '[kcal']]]-Meal4[[#This Row],[Kalorien vorher '[kcal']]])-(Meal4[[#Totals],[Proteine vorher '[g']]]-Meal4[[#This Row],[Proteine vorher '[g']]]))/(Meal4[[#This Row],[Proteindichte '[g/g']]]-$N$28*Meal4[[#This Row],[Kaloriendichte '[kcal/g']]]),1000000) -> 1000000 | O11: =IFERROR(ABS(Meal4[[#This Row],[Massenanpassung]]-Meal4[[#This Row],[Menge '[g']]])/Meal4[[#This Row],[Menge '[g']]],1000000) -> 1000000
D12: =IF(ROW()-5=$N$29,Meal4[[#Totals],[Massenanpassung]]*$N$31,Meal4[[#This Row],[Menge '[g']]]*$N$31) -> 0 | E12: =Meal4[[#This Row],[Berechnete Menge '[g']]]*Input!$B$7 -> 0 | F12: =IFERROR(Meal4[[#This Row],[Gesamtmenge '[g']]]*$L$36,"-") -> 0 | G12: =IFERROR(VLOOKUP(Meal4[[#This Row],[Zutat '[Name aus Tabelle']]],Tabelle2[],11,FALSE)*Meal4[[#This Row],[Berechnete Menge '[g']]],"") | H12: =IFERROR(Meal4[[#This Row],[Berechnete Menge '[g']]]*Meal4[[#This Row],[Kaloriendichte '[kcal/g']]],"") | J12: =IFERROR(VLOOKUP(Meal4[[#This Row],[Zutat '[Name aus Tabelle']]],Tabelle2[],13,FALSE),"") | K12: =IFERROR(VLOOKUP(Meal4[[#This Row],[Zutat '[Name aus Tabelle']]],Tabelle2[],14,FALSE),"") | L12: =IFERROR(Meal4[[#This Row],[Kaloriendichte '[kcal/g']]]*Meal4[[#This Row],[Menge '[g']]],0) -> 0 | M12: =IFERROR(Meal4[[#This Row],[Proteindichte '[g/g']]]*Meal4[[#This Row],[Menge '[g']]],0) -> 0 | N12: =IFERROR(($N$28*(Meal4[[#Totals],[Kalorien vorher '[kcal']]]-Meal4[[#This Row],[Kalorien vorher '[kcal']]])-(Meal4[[#Totals],[Proteine vorher '[g']]]-Meal4[[#This Row],[Proteine vorher '[g']]]))/(Meal4[[#This Row],[Proteindichte '[g/g']]]-$N$28*Meal4[[#This Row],[Kaloriendichte '[kcal/g']]]),1000000) -> 1000000 | O12: =IFERROR(ABS(Meal4[[#This Row],[Massenanpassung]]-Meal4[[#This Row],[Menge '[g']]])/Meal4[[#This Row],[Menge '[g']]],1000000) -> 1000000
D13: =IF(ROW()-5=$N$29,Meal4[[#Totals],[Massenanpassung]]*$N$31,Meal4[[#This Row],[Menge '[g']]]*$N$31) -> 0 | E13: =Meal4[[#This Row],[Berechnete Menge '[g']]]*Input!$B$7 -> 0 | F13: =IFERROR(Meal4[[#This Row],[Gesamtmenge '[g']]]*$L$36,"-") -> 0 | G13: =IFERROR(VLOOKUP(Meal4[[#This Row],[Zutat '[Name aus Tabelle']]],Tabelle2[],11,FALSE)*Meal4[[#This Row],[Berechnete Menge '[g']]],"") | H13: =IFERROR(Meal4[[#This Row],[Berechnete Menge '[g']]]*Meal4[[#This Row],[Kaloriendichte '[kcal/g']]],"") | I13: =IFERROR(Meal4[[#This Row],[Berechnete Menge '[g']]]*Meal4[[#This Row],[Proteindichte '[g/g']]],"") | J13: =IFERROR(VLOOKUP(Meal4[[#This Row],[Zutat '[Name aus Tabelle']]],Tabelle2[],13,FALSE),"") | K13: =IFERROR(VLOOKUP(Meal4[[#This Row],[Zutat '[Name aus Tabelle']]],Tabelle2[],14,FALSE),"") | L13: =IFERROR(Meal4[[#This Row],[Kaloriendichte '[kcal/g']]]*Meal4[[#This Row],[Menge '[g']]],0) -> 0 | M13: =IFERROR(Meal4[[#This Row],[Proteindichte '[g/g']]]*Meal4[[#This Row],[Menge '[g']]],0) -> 0 | N13: =IFERROR(($N$28*(Meal4[[#Totals],[Kalorien vorher '[kcal']]]-Meal4[[#This Row],[Kalorien vorher '[kcal']]])-(Meal4[[#Totals],[Proteine vorher '[g']]]-Meal4[[#This Row],[Proteine vorher '[g']]]))/(Meal4[[#This Row],[Proteindichte '[g/g']]]-$N$28*Meal4[[#This Row],[Kaloriendichte '[kcal/g']]]),1000000) -> 1000000 | O13: =IFERROR(ABS(Meal4[[#This Row],[Massenanpassung]]-Meal4[[#This Row],[Menge '[g']]])/Meal4[[#This Row],[Menge '[g']]],1000000) -> 1000000
D14: =IF(ROW()-5=$N$29,Meal4[[#Totals],[Massenanpassung]]*$N$31,Meal4[[#This Row],[Menge '[g']]]*$N$31) -> 0 | E14: =Meal4[[#This Row],[Berechnete Menge '[g']]]*Input!$B$7 -> 0 | F14: =IFERROR(Meal4[[#This Row],[Gesamtmenge '[g']]]*$L$36,"-") -> 0 | G14: =IFERROR(VLOOKUP(Meal4[[#This Row],[Zutat '[Name aus Tabelle']]],Tabelle2[],11,FALSE)*Meal4[[#This Row],[Berechnete Menge '[g']]],"") | H14: =IFERROR(Meal4[[#This Row],[Berechnete Menge '[g']]]*Meal4[[#This Row],[Kaloriendichte '[kcal/g']]],"") | I14: =IFERROR(Meal4[[#This Row],[Berechnete Menge '[g']]]*Meal4[[#This Row],[Proteindichte '[g/g']]],"") | J14: =IFERROR(VLOOKUP(Meal4[[#This Row],[Zutat '[Name aus Tabelle']]],Tabelle2[],13,FALSE),"") | K14: =IFERROR(VLOOKUP(Meal4[[#This Row],[Zutat '[Name aus Tabelle']]],Tabelle2[],14,FALSE),"") | L14: =IFERROR(Meal4[[#This Row],[Kaloriendichte '[kcal/g']]]*Meal4[[#This Row],[Menge '[g']]],0) -> 0 | M14: =IFERROR(Meal4[[#This Row],[Proteindichte '[g/g']]]*Meal4[[#This Row],[Menge '[g']]],0) -> 0 | N14: =IFERROR(($N$28*(Meal4[[#Totals],[Kalorien vorher '[kcal']]]-Meal4[[#This Row],[Kalorien vorher '[kcal']]])-(Meal4[[#Totals],[Proteine vorher '[g']]]-Meal4[[#This Row],[Proteine vorher '[g']]]))/(Meal4[[#This Row],[Proteindichte '[g/g']]]-$N$28*Meal4[[#This Row],[Kaloriendichte '[kcal/g']]]),1000000) -> 1000000 | O14: =IFERROR(ABS(Meal4[[#This Row],[Massenanpassung]]-Meal4[[#This Row],[Menge '[g']]])/Meal4[[#This Row],[Menge '[g']]],1000000) -> 1000000
D15: =IF(ROW()-5=$N$29,Meal4[[#Totals],[Massenanpassung]]*$N$31,Meal4[[#This Row],[Menge '[g']]]*$N$31) -> 0 | E15: =Meal4[[#This Row],[Berechnete Menge '[g']]]*Input!$B$7 -> 0 | F15: =IFERROR(Meal4[[#This Row],[Gesamtmenge '[g']]]*$L$36,"-") -> 0 | G15: =IFERROR(VLOOKUP(Meal4[[#This Row],[Zutat '[Name aus Tabelle']]],Tabelle2[],11,FALSE)*Meal4[[#This Row],[Berechnete Menge '[g']]],"") | H15: =IFERROR(Meal4[[#This Row],[Berechnete Menge '[g']]]*Meal4[[#This Row],[Kaloriendichte '[kcal/g']]],"") | I15: =IFERROR(Meal4[[#This Row],[Berechnete Menge '[g']]]*Meal4[[#This Row],[Proteindichte '[g/g']]],"") | J15: =IFERROR(VLOOKUP(Meal4[[#This Row],[Zutat '[Name aus Tabelle']]],Tabelle2[],13,FALSE),"") | K15: =IFERROR(VLOOKUP(Meal4[[#This Row],[Zutat '[Name aus Tabelle']]],Tabelle2[],14,FALSE),"") | L15: =IFERROR(Meal4[[#This Row],[Kaloriendichte '[kcal/g']]]*Meal4[[#This Row],[Menge '[g']]],0) -> 0 | M15: =IFERROR(Meal4[[#This Row],[Proteindichte '[g/g']]]*Meal4[[#This Row],[Menge '[g']]],0) -> 0 | N15: =IFERROR(($N$28*(Meal4[[#Totals],[Kalorien vorher '[kcal']]]-Meal4[[#This Row],[Kalorien vorher '[kcal']]])-(Meal4[[#Totals],[Proteine vorher '[g']]]-Meal4[[#This Row],[Proteine vorher '[g']]]))/(Meal4[[#This Row],[Proteindichte '[g/g']]]-$N$28*Meal4[[#This Row],[Kaloriendichte '[kcal/g']]]),1000000) -> 1000000 | O15: =IFERROR(ABS(Meal4[[#This Row],[Massenanpassung]]-Meal4[[#This Row],[Menge '[g']]])/Meal4[[#This Row],[Menge '[g']]],1000000) -> 1000000
D16: =IF(ROW()-5=$N$29,Meal4[[#Totals],[Massenanpassung]]*$N$31,Meal4[[#This Row],[Menge '[g']]]*$N$31) -> 0 | E16: =Meal4[[#This Row],[Berechnete Menge '[g']]]*Input!$B$7 -> 0 | F16: =IFERROR(Meal4[[#This Row],[Gesamtmenge '[g']]]*$L$36,"-") -> 0 | G16: =IFERROR(VLOOKUP(Meal4[[#This Row],[Zutat '[Name aus Tabelle']]],Tabelle2[],11,FALSE)*Meal4[[#This Row],[Berechnete Menge '[g']]],"") | H16: =IFERROR(Meal4[[#This Row],[Berechnete Menge '[g']]]*Meal4[[#This Row],[Kaloriendichte '[kcal/g']]],"") | I16: =IFERROR(Meal4[[#This Row],[Berechnete Menge '[g']]]*Meal4[[#This Row],[Proteindichte '[g/g']]],"") | J16: =IFERROR(VLOOKUP(Meal4[[#This Row],[Zutat '[Name aus Tabelle']]],Tabelle2[],13,FALSE),"") | K16: =IFERROR(VLOOKUP(Meal4[[#This Row],[Zutat '[Name aus Tabelle']]],Tabelle2[],14,FALSE),"") | L16: =IFERROR(Meal4[[#This Row],[Kaloriendichte '[kcal/g']]]*Meal4[[#This Row],[Menge '[g']]],0) -> 0 | M16: =IFERROR(Meal4[[#This Row],[Proteindichte '[g/g']]]*Meal4[[#This Row],[Menge '[g']]],0) -> 0 | N16: =IFERROR(($N$28*(Meal4[[#Totals],[Kalorien vorher '[kcal']]]-Meal4[[#This Row],[Kalorien vorher '[kcal']]])-(Meal4[[#Totals],[Proteine vorher '[g']]]-Meal4[[#This Row],[Proteine vorher '[g']]]))/(Meal4[[#This Row],[Proteindichte '[g/g']]]-$N$28*Meal4[[#This Row],[Kaloriendichte '[kcal/g']]]),1000000) -> 1000000 | O16: =IFERROR(ABS(Meal4[[#This Row],[Massenanpassung]]-Meal4[[#This Row],[Menge '[g']]])/Meal4[[#This Row],[Menge '[g']]],1000000) -> 1000000
D17: =IF(ROW()-5=$N$29,Meal4[[#Totals],[Massenanpassung]]*$N$31,Meal4[[#This Row],[Menge '[g']]]*$N$31) -> 0 | E17: =Meal4[[#This Row],[Berechnete Menge '[g']]]*Input!$B$7 -> 0 | F17: =IFERROR(Meal4[[#This Row],[Gesamtmenge '[g']]]*$L$36,"-") -> 0 | G17: =IFERROR(VLOOKUP(Meal4[[#This Row],[Zutat '[Name aus Tabelle']]],Tabelle2[],11,FALSE)*Meal4[[#This Row],[Berechnete Menge '[g']]],"") | H17: =IFERROR(Meal4[[#This Row],[Berechnete Menge '[g']]]*Meal4[[#This Row],[Kaloriendichte '[kcal/g']]],"") | I17: =IFERROR(Meal4[[#This Row],[Berechnete Menge '[g']]]*Meal4[[#This Row],[Proteindichte '[g/g']]],"") | J17: =IFERROR(VLOOKUP(Meal4[[#This Row],[Zutat '[Name aus Tabelle']]],Tabelle2[],13,FALSE),"") | K17: =IFERROR(VLOOKUP(Meal4[[#This Row],[Zutat '[Name aus Tabelle']]],Tabelle2[],14,FALSE),"") | L17: =IFERROR(Meal4[[#This Row],[Kaloriendichte '[kcal/g']]]*Meal4[[#This Row],[Menge '[g']]],0) -> 0 | M17: =IFERROR(Meal4[[#This Row],[Proteindichte '[g/g']]]*Meal4[[#This Row],[Menge '[g']]],0) -> 0 | N17: =IFERROR(($N$28*(Meal4[[#Totals],[Kalorien vorher '[kcal']]]-Meal4[[#This Row],[Kalorien vorher '[kcal']]])-(Meal4[[#Totals],[Proteine vorher '[g']]]-Meal4[[#This Row],[Proteine vorher '[g']]]))/(Meal4[[#This Row],[Proteindichte '[g/g']]]-$N$28*Meal4[[#This Row],[Kaloriendichte '[kcal/g']]]),1000000) -> 1000000 | O17: =IFERROR(ABS(Meal4[[#This Row],[Massenanpassung]]-Meal4[[#This Row],[Menge '[g']]])/Meal4[[#This Row],[Menge '[g']]],1000000) -> 1000000
D18: =IF(ROW()-5=$N$29,Meal4[[#Totals],[Massenanpassung]]*$N$31,Meal4[[#This Row],[Menge '[g']]]*$N$31) -> 0 | E18: =Meal4[[#This Row],[Berechnete Menge '[g']]]*Input!$B$7 -> 0 | F18: =IFERROR(Meal4[[#This Row],[Gesamtmenge '[g']]]*$L$36,"-") -> 0 | G18: =IFERROR(VLOOKUP(Meal4[[#This Row],[Zutat '[Name aus Tabelle']]],Tabelle2[],11,FALSE)*Meal4[[#This Row],[Berechnete Menge '[g']]],"") | H18: =IFERROR(Meal4[[#This Row],[Berechnete Menge '[g']]]*Meal4[[#This Row],[Kaloriendichte '[kcal/g']]],"") | I18: =IFERROR(Meal4[[#This Row],[Berechnete Menge '[g']]]*Meal4[[#This Row],[Proteindichte '[g/g']]],"") | J18: =IFERROR(VLOOKUP(Meal4[[#This Row],[Zutat '[Name aus Tabelle']]],Tabelle2[],13,FALSE),"") | K18: =IFERROR(VLOOKUP(Meal4[[#This Row],[Zutat '[Name aus Tabelle']]],Tabelle2[],14,FALSE),"") | L18: =IFERROR(Meal4[[#This Row],[Kaloriendichte '[kcal/g']]]*Meal4[[#This Row],[Menge '[g']]],0) -> 0 | M18: =IFERROR(Meal4[[#This Row],[Proteindichte '[g/g']]]*Meal4[[#This Row],[Menge '[g']]],0) -> 0 | N18: =IFERROR(($N$28*(Meal4[[#Totals],[Kalorien vorher '[kcal']]]-Meal4[[#This Row],[Kalorien vorher '[kcal']]])-(Meal4[[#Totals],[Proteine vorher '[g']]]-Meal4[[#This Row],[Proteine vorher '[g']]]))/(Meal4[[#This Row],[Proteindichte '[g/g']]]-$N$28*Meal4[[#This Row],[Kaloriendichte '[kcal/g']]]),1000000) -> 1000000 | O18: =IFERROR(ABS(Meal4[[#This Row],[Massenanpassung]]-Meal4[[#This Row],[Menge '[g']]])/Meal4[[#This Row],[Menge '[g']]],1000000) -> 1000000
D19: =IF(ROW()-5=$N$29,Meal4[[#Totals],[Massenanpassung]]*$N$31,Meal4[[#This Row],[Menge '[g']]]*$N$31) -> 0 | E19: =Meal4[[#This Row],[Berechnete Menge '[g']]]*Input!$B$7 -> 0 | F19: =IFERROR(Meal4[[#This Row],[Gesamtmenge '[g']]]*$L$36,"-") -> 0 | G19: =IFERROR(VLOOKUP(Meal4[[#This Row],[Zutat '[Name aus Tabelle']]],Tabelle2[],11,FALSE)*Meal4[[#This Row],[Berechnete Menge '[g']]],"") | H19: =IFERROR(Meal4[[#This Row],[Berechnete Menge '[g']]]*Meal4[[#This Row],[Kaloriendichte '[kcal/g']]],"") | I19: =IFERROR(Meal4[[#This Row],[Berechnete Menge '[g']]]*Meal4[[#This Row],[Proteindichte '[g/g']]],"") | J19: =IFERROR(VLOOKUP(Meal4[[#This Row],[Zutat '[Name aus Tabelle']]],Tabelle2[],13,FALSE),"") | K19: =IFERROR(VLOOKUP(Meal4[[#This Row],[Zutat '[Name aus Tabelle']]],Tabelle2[],14,FALSE),"") | L19: =IFERROR(Meal4[[#This Row],[Kaloriendichte '[kcal/g']]]*Meal4[[#This Row],[Menge '[g']]],0) -> 0 | M19: =IFERROR(Meal4[[#This Row],[Proteindichte '[g/g']]]*Meal4[[#This Row],[Menge '[g']]],0) -> 0 | N19: =IFERROR(($N$28*(Meal4[[#Totals],[Kalorien vorher '[kcal']]]-Meal4[[#This Row],[Kalorien vorher '[kcal']]])-(Meal4[[#Totals],[Proteine vorher '[g']]]-Meal4[[#This Row],[Proteine vorher '[g']]]))/(Meal4[[#This Row],[Proteindichte '[g/g']]]-$N$28*Meal4[[#This Row],[Kaloriendichte '[kcal/g']]]),1000000) -> 1000000 | O19: =IFERROR(ABS(Meal4[[#This Row],[Massenanpassung]]-Meal4[[#This Row],[Menge '[g']]])/Meal4[[#This Row],[Menge '[g']]],1000000) -> 1000000
D20: =IF(ROW()-5=$N$29,Meal4[[#Totals],[Massenanpassung]]*$N$31,Meal4[[#This Row],[Menge '[g']]]*$N$31) -> 0 | E20: =Meal4[[#This Row],[Berechnete Menge '[g']]]*Input!$B$7 -> 0 | F20: =IFERROR(Meal4[[#This Row],[Gesamtmenge '[g']]]*$L$36,"-") -> 0 | G20: =IFERROR(VLOOKUP(Meal4[[#This Row],[Zutat '[Name aus Tabelle']]],Tabelle2[],11,FALSE)*Meal4[[#This Row],[Berechnete Menge '[g']]],"") | H20: =IFERROR(Meal4[[#This Row],[Berechnete Menge '[g']]]*Meal4[[#This Row],[Kaloriendichte '[kcal/g']]],"") | I20: =IFERROR(Meal4[[#This Row],[Berechnete Menge '[g']]]*Meal4[[#This Row],[Proteindichte '[g/g']]],"") | J20: =IFERROR(VLOOKUP(Meal4[[#This Row],[Zutat '[Name aus Tabelle']]],Tabelle2[],13,FALSE),"") | K20: =IFERROR(VLOOKUP(Meal4[[#This Row],[Zutat '[Name aus Tabelle']]],Tabelle2[],14,FALSE),"") | L20: =IFERROR(Meal4[[#This Row],[Kaloriendichte '[kcal/g']]]*Meal4[[#This Row],[Menge '[g']]],0) -> 0 | M20: =IFERROR(Meal4[[#This Row],[Proteindichte '[g/g']]]*Meal4[[#This Row],[Menge '[g']]],0) -> 0 | N20: =IFERROR(($N$28*(Meal4[[#Totals],[Kalorien vorher '[kcal']]]-Meal4[[#This Row],[Kalorien vorher '[kcal']]])-(Meal4[[#Totals],[Proteine vorher '[g']]]-Meal4[[#This Row],[Proteine vorher '[g']]]))/(Meal4[[#This Row],[Proteindichte '[g/g']]]-$N$28*Meal4[[#This Row],[Kaloriendichte '[kcal/g']]]),1000000) -> 1000000 | O20: =IFERROR(ABS(Meal4[[#This Row],[Massenanpassung]]-Meal4[[#This Row],[Menge '[g']]])/Meal4[[#This Row],[Menge '[g']]],1000000) -> 1000000
D21: =IF(ROW()-5=$N$29,Meal4[[#Totals],[Massenanpassung]]*$N$31,Meal4[[#This Row],[Menge '[g']]]*$N$31) -> 0 | E21: =Meal4[[#This Row],[Berechnete Menge '[g']]]*Input!$B$7 -> 0 | F21: =IFERROR(Meal4[[#This Row],[Gesamtmenge '[g']]]*$L$36,"-") -> 0 | G21: =IFERROR(VLOOKUP(Meal4[[#This Row],[Zutat '[Name aus Tabelle']]],Tabelle2[],11,FALSE)*Meal4[[#This Row],[Berechnete Menge '[g']]],"") | H21: =IFERROR(Meal4[[#This Row],[Berechnete Menge '[g']]]*Meal4[[#This Row],[Kaloriendichte '[kcal/g']]],"") | I21: =IFERROR(Meal4[[#This Row],[Berechnete Menge '[g']]]*Meal4[[#This Row],[Proteindichte '[g/g']]],"") | J21: =IFERROR(VLOOKUP(Meal4[[#This Row],[Zutat '[Name aus Tabelle']]],Tabelle2[],13,FALSE),"") | K21: =IFERROR(VLOOKUP(Meal4[[#This Row],[Zutat '[Name aus Tabelle']]],Tabelle2[],14,FALSE),"") | L21: =IFERROR(Meal4[[#This Row],[Kaloriendichte '[kcal/g']]]*Meal4[[#This Row],[Menge '[g']]],0) -> 0 | M21: =IFERROR(Meal4[[#This Row],[Proteindichte '[g/g']]]*Meal4[[#This Row],[Menge '[g']]],0) -> 0 | N21: =IFERROR(($N$28*(Meal4[[#Totals],[Kalorien vorher '[kcal']]]-Meal4[[#This Row],[Kalorien vorher '[kcal']]])-(Meal4[[#Totals],[Proteine vorher '[g']]]-Meal4[[#This Row],[Proteine vorher '[g']]]))/(Meal4[[#This Row],[Proteindichte '[g/g']]]-$N$28*Meal4[[#This Row],[Kaloriendichte '[kcal/g']]]),1000000) -> 1000000 | O21: =IFERROR(ABS(Meal4[[#This Row],[Massenanpassung]]-Meal4[[#This Row],[Menge '[g']]])/Meal4[[#This Row],[Menge '[g']]],1000000) -> 1000000
D22: =IF(ROW()-5=$N$29,Meal4[[#Totals],[Massenanpassung]]*$N$31,Meal4[[#This Row],[Menge '[g']]]*$N$31) -> 0 | E22: =Meal4[[#This Row],[Berechnete Menge '[g']]]*Input!$B$7 -> 0 | F22: =IFERROR(Meal4[[#This Row],[Gesamtmenge '[g']]]*$L$36,"-") -> 0 | G22: =IFERROR(VLOOKUP(Meal4[[#This Row],[Zutat '[Name aus Tabelle']]],Tabelle2[],11,FALSE)*Meal4[[#This Row],[Berechnete Menge '[g']]],"") | H22: =IFERROR(Meal4[[#This Row],[Berechnete Menge '[g']]]*Meal4[[#This Row],[Kaloriendichte '[kcal/g']]],"") | I22: =IFERROR(Meal4[[#This Row],[Berechnete Menge '[g']]]*Meal4[[#This Row],[Proteindichte '[g/g']]],"") | J22: =IFERROR(VLOOKUP(Meal4[[#This Row],[Zutat '[Name aus Tabelle']]],Tabelle2[],13,FALSE),"") | K22: =IFERROR(VLOOKUP(Meal4[[#This Row],[Zutat '[Name aus Tabelle']]],Tabelle2[],14,FALSE),"") | L22: =IFERROR(Meal4[[#This Row],[Kaloriendichte '[kcal/g']]]*Meal4[[#This Row],[Menge '[g']]],0) -> 0 | M22: =IFERROR(Meal4[[#This Row],[Proteindichte '[g/g']]]*Meal4[[#This Row],[Menge '[g']]],0) -> 0 | N22: =IFERROR(($N$28*(Meal4[[#Totals],[Kalorien vorher '[kcal']]]-Meal4[[#This Row],[Kalorien vorher '[kcal']]])-(Meal4[[#Totals],[Proteine vorher '[g']]]-Meal4[[#This Row],[Proteine vorher '[g']]]))/(Meal4[[#This Row],[Proteindichte '[g/g']]]-$N$28*Meal4[[#This Row],[Kaloriendichte '[kcal/g']]]),1000000) -> 1000000 | O22: =IFERROR(ABS(Meal4[[#This Row],[Massenanpassung]]-Meal4[[#This Row],[Menge '[g']]])/Meal4[[#This Row],[Menge '[g']]],1000000) -> 1000000
D23: =IF(ROW()-5=$N$29,Meal4[[#Totals],[Massenanpassung]]*$N$31,Meal4[[#This Row],[Menge '[g']]]*$N$31) -> 0 | E23: =Meal4[[#This Row],[Berechnete Menge '[g']]]*Input!$B$7 -> 0 | F23: =IFERROR(Meal4[[#This Row],[Gesamtmenge '[g']]]*$L$36,"-") -> 0 | G23: =IFERROR(VLOOKUP(Meal4[[#This Row],[Zutat '[Name aus Tabelle']]],Tabelle2[],11,FALSE)*Meal4[[#This Row],[Berechnete Menge '[g']]],"") | H23: =IFERROR(Meal4[[#This Row],[Berechnete Menge '[g']]]*Meal4[[#This Row],[Kaloriendichte '[kcal/g']]],"") | I23: =IFERROR(Meal4[[#This Row],[Berechnete Menge '[g']]]*Meal4[[#This Row],[Proteindichte '[g/g']]],"") | J23: =IFERROR(VLOOKUP(Meal4[[#This Row],[Zutat '[Name aus Tabelle']]],Tabelle2[],13,FALSE),"") | K23: =IFERROR(VLOOKUP(Meal4[[#This Row],[Zutat '[Name aus Tabelle']]],Tabelle2[],14,FALSE),"") | L23: =IFERROR(Meal4[[#This Row],[Kaloriendichte '[kcal/g']]]*Meal4[[#This Row],[Menge '[g']]],0) -> 0 | M23: =IFERROR(Meal4[[#This Row],[Proteindichte '[g/g']]]*Meal4[[#This Row],[Menge '[g']]],0) -> 0 | N23: =IFERROR(($N$28*(Meal4[[#Totals],[Kalorien vorher '[kcal']]]-Meal4[[#This Row],[Kalorien vorher '[kcal']]])-(Meal4[[#Totals],[Proteine vorher '[g']]]-Meal4[[#This Row],[Proteine vorher '[g']]]))/(Meal4[[#This Row],[Proteindichte '[g/g']]]-$N$28*Meal4[[#This Row],[Kaloriendichte '[kcal/g']]]),1000000) -> 1000000 | O23: =IFERROR(ABS(Meal4[[#This Row],[Massenanpassung]]-Meal4[[#This Row],[Menge '[g']]])/Meal4[[#This Row],[Menge '[g']]],1000000) -> 1000000
D24: =IF(ROW()-5=$N$29,Meal4[[#Totals],[Massenanpassung]]*$N$31,Meal4[[#This Row],[Menge '[g']]]*$N$31) -> 0 | E24: =Meal4[[#This Row],[Berechnete Menge '[g']]]*Input!$B$7 -> 0 | F24: =IFERROR(Meal4[[#This Row],[Gesamtmenge '[g']]]*$L$36,"-") -> 0 | G24: =IFERROR(VLOOKUP(Meal4[[#This Row],[Zutat '[Name aus Tabelle']]],Tabelle2[],11,FALSE)*Meal4[[#This Row],[Berechnete Menge '[g']]],"") | H24: =IFERROR(Meal4[[#This Row],[Berechnete Menge '[g']]]*Meal4[[#This Row],[Kaloriendichte '[kcal/g']]],"") | I24: =IFERROR(Meal4[[#This Row],[Berechnete Menge '[g']]]*Meal4[[#This Row],[Proteindichte '[g/g']]],"") | J24: =IFERROR(VLOOKUP(Meal4[[#This Row],[Zutat '[Name aus Tabelle']]],Tabelle2[],13,FALSE),"") | K24: =IFERROR(VLOOKUP(Meal4[[#This Row],[Zutat '[Name aus Tabelle']]],Tabelle2[],14,FALSE),"") | L24: =IFERROR(Meal4[[#This Row],[Kaloriendichte '[kcal/g']]]*Meal4[[#This Row],[Menge '[g']]],0) -> 0 | M24: =IFERROR(Meal4[[#This Row],[Proteindichte '[g/g']]]*Meal4[[#This Row],[Menge '[g']]],0) -> 0 | N24: =IFERROR(($N$28*(Meal4[[#Totals],[Kalorien vorher '[kcal']]]-Meal4[[#This Row],[Kalorien vorher '[kcal']]])-(Meal4[[#Totals],[Proteine vorher '[g']]]-Meal4[[#This Row],[Proteine vorher '[g']]]))/(Meal4[[#This Row],[Proteindichte '[g/g']]]-$N$28*Meal4[[#This Row],[Kaloriendichte '[kcal/g']]]),1000000) -> 1000000 | O24: =IFERROR(ABS(Meal4[[#This Row],[Massenanpassung]]-Meal4[[#This Row],[Menge '[g']]])/Meal4[[#This Row],[Menge '[g']]],1000000) -> 1000000
... D26: =IF(ROW()-5=$N$29,Meal4[[#Totals],[Massenanpassung]]*$N$31,Meal4[[#This Row],[Menge '[g']]]*$N$31) -> 0 | E26: =Meal4[[#This Row],[Berechnete Menge '[g']]]*Input!$B$7 -> 0 | F26: =IFERROR(Meal4[[#This Row],[Gesamtmenge '[g']]]*$L$36,"-") -> 0 | G26: =IFERROR(VLOOKUP(Meal4[[#This Row],[Zutat '[Name aus Tabelle']]],Tabelle2[],11,FALSE)*Meal4[[#This Row],[Berechnete Menge '[g']]],"") | H26: =IFERROR(Meal4[[#This Row],[Berechnete Menge '[g']]]*Meal4[[#This Row],[Kaloriendichte '[kcal/g']]],"") | I26: =IFERROR(Meal4[[#This Row],[Berechnete Menge '[g']]]*Meal4[[#This Row],[Proteindichte '[g/g']]],"") | J26: =IFERROR(VLOOKUP(Meal4[[#This Row],[Zutat '[Name aus Tabelle']]],Tabelle2[],13,FALSE),"") | K26: =IFERROR(VLOOKUP(Meal4[[#This Row],[Zutat '[Name aus Tabelle']]],Tabelle2[],14,FALSE),"") | L26: =IFERROR(Meal4[[#This Row],[Kaloriendichte '[kcal/g']]]*Meal4[[#This Row],[Menge '[g']]],0) -> 0 | M26: =IFERROR(Meal4[[#This Row],[Proteindichte '[g/g']]]*Meal4[[#This Row],[Menge '[g']]],0) -> 0 | N26: =IFERROR(($N$28*(Meal4[[#Totals],[Kalorien vorher '[kcal']]]-Meal4[[#This Row],[Kalorien vorher '[kcal']]])-(Meal4[[#Totals],[Proteine vorher '[g']]]-Meal4[[#This Row],[Proteine vorher '[g']]]))/(Meal4[[#This Row],[Proteindichte '[g/g']]]-$N$28*Meal4[[#This Row],[Kaloriendichte '[kcal/g']]]),1000000) -> 1000000 | O26: =IFERROR(ABS(Meal4[[#This Row],[Massenanpassung]]-Meal4[[#This Row],[Menge '[g']]])/Meal4[[#This Row],[Menge '[g']]],1000000) -> 1000000
A27: Ergebnis | G27: =SUBTOTAL(109,Meal4[Kosten '[€']]) -> 2.0635008 | H27: =SUBTOTAL(109,Meal4[Kalorien '[kcal']]) -> 750 | I27: =SUBTOTAL(109,Meal4[Proteine '[g']]) -> 50 | L27: =SUBTOTAL(109,Meal4[Kalorien vorher '[kcal']]) -> 589.65 | M27: =SUBTOTAL(109,Meal4[Proteine vorher '[g']]) -> 49.7 | N27: {=INDEX(Meal4[Massenanpassung],N29)} -> 9.0481064 | O27: {=MIN(IF(Meal4[Massenanpassung]<0,"",Meal4[Relative Abweichung]))} -> 0.63807574
A28: Übrige Kalorien/Proteine: | H28: ='Meal 3'!H28-Meal4[[#Totals],[Kalorien '[kcal']]] -> 0 | I28: ='Meal 3'!I28-Meal4[[#Totals],[Proteine '[g']]] -> 0 | M28: P_soll/K_soll | N28: =K4/K3 -> 0.066666667
M29: min rel. Abw. Zeile | N29: =MATCH(Meal4[[#Totals],[Relative Abweichung]],Meal4[Relative Abweichung],0) -> 4
M30: K_ges mit neuer Masse | N30: {=Meal4[[#Totals],[Kalorien vorher '[kcal']]]-INDEX(Meal4[Kalorien vorher '[kcal']],N29)+Meal4[[#Totals],[Massenanpassung]]*INDEX(Meal4[Kaloriendichte '[kcal/g']],N29)} -> 530.14944
M31: skal. Faktor für Massen | N31: =K3/N30 -> 1.4146955

Sheet Zutaten-Datenbank
A1: Zutaten-Datenbank
A4: Info | G4: pro 100g | K4: Berechnung
A5: Name | B5: Marke | C5: Supermarkt | D5: Typ | E5: Preis [€] | F5: Menge [g] | G5: Kalorien [kcal/100g] | H5: Eiweiß [g/100g] | I5: Fett [g/100g] | J5: Kohlenhydrate [g/100g] | K5: Kosten[€/g] | L5: Proteinpreis [€/g] | M5: Kalorienmassedichte [kcal/g] | N5: Proteinmassendichte [g/g]
A6: Milch | D6: Protein | E6: 1.05 | F6: 1000 | G6: 64 | H6: 3.5 | I6: 3.5 | J6: 4.7 | K6: =IFERROR(Tabelle2[[#This Row],[Preis '[€']]]/(Tabelle2[[#This Row],[Menge '[g']]]),"") -> 0.00105 | L6: =IFERROR(Tabelle2[[#This Row],[Preis '[€']]]/(Tabelle2[[#This Row],[Menge '[g']]]*Tabelle2[[#This Row],[Eiweiß '[g/100g']]]/100),"") -> 0.03 | M6: =IF(Tabelle2[[#This Row],[Kalorien '[kcal/100g']]]/100<>0,Tabelle2[[#This Row],[Kalorien '[kcal/100g']]]/100,"") -> 0.64 | N6: =IF(Tabelle2[[#This Row],[Eiweiß '[g/100g']]]/100<>0,Tabelle2[[#This Row],[Eiweiß '[g/100g']]]/100,"") -> 0.035
A7: Kartoffeln | D7: Kohlenhydrate | E7: 2.39 | F7: 2000 | G7: 69 | H7: 2 | I7: 0.02 | J7: 14 | K7: =IFERROR(Tabelle2[[#This Row],[Preis '[€']]]/(Tabelle2[[#This Row],[Menge '[g']]]),"") -> 0.001195 | L7: =IFERROR(Tabelle2[[#This Row],[Preis '[€']]]/(Tabelle2[[#This Row],[Menge '[g']]]*Tabelle2[[#This Row],[Eiweiß '[g/100g']]]/100),"") -> 0.05975 | M7: =IF(Tabelle2[[#This Row],[Kalorien '[kcal/100g']]]/100<>0,Tabelle2[[#This Row],[Kalorien '[kcal/100g']]]/100,"") -> 0.69 | N7: =IF(Tabelle2[[#This Row],[Eiweiß '[g/100g']]]/100<>0,Tabelle2[[#This Row],[Eiweiß '[g/100g']]]/100,"") -> 0.02
A8: Apfel | B8: Snack-Äpfel | C8: Rewe | D8: Obst | E8: 1.49 | F8: 1000 | G8: 52 | H8: 0.3 | I8: 0.2 | J8: 14 | K8: =IFERROR(Tabelle2[[#This Row],[Preis '[€']]]/(Tabelle2[[#This Row],[Menge '[g']]]),"") -> 0.00149 | L8: =IFERROR(Tabelle2[[#This Row],[Preis '[€']]]/(Tabelle2[[#This Row],[Menge '[g']]]*Tabelle2[[#This Row],[Eiweiß '[g/100g']]]/100),"") -> 0.49666667 | M8: =IF(Tabelle2[[#This Row],[Kalorien '[kcal/100g']]]/100<>0,Tabelle2[[#This Row],[Kalorien '[kcal/100g']]]/100,"") -> 0.52 | N8: =IF(Tabelle2[[#This Row],[Eiweiß '[g/100g']]]/100<>0,Tabelle2[[#This Row],[Eiweiß '[g/100g']]]/100,"") -> 0.003
A9: Haferflocken | B9: Kölln | C9: Aldi | D9: Kohlenhydrate | E9: 0.79 | F9: 500 | G9: 372 | H9: 13.5 | I9: 1.3 | J9: 58.7 | K9: =IFERROR(Tabelle2[[#This Row],[Preis '[€']]]/(Tabelle2[[#This Row],[Menge '[g']]]),"") -> 0.00158 | L9: =IFERROR(Tabelle2[[#This Row],[Preis '[€']]]/(Tabelle2[[#This Row],[Menge '[g']]]*Tabelle2[[#This Row],[Eiweiß '[g/100g']]]/100),"") -> 0.011703704 | M9: =IF(Tabelle2[[#This Row],[Kalorien '[kcal/100g']]]/100<>0,Tabelle2[[#This Row],[Kalorien '[kcal/100g']]]/100,"") -> 3.72 | N9: =IF(Tabelle2[[#This Row],[Eiweiß '[g/100g']]]/100<>0,Tabelle2[[#This Row],[Eiweiß '[g/100g']]]/100,"") -> 0.135
A10: Honig | D10: Geschmack | E10: 1 | F10: 500 | G10: 331 | H10: 0.5 | I10: 0 | J10: 81 | K10: =IFERROR(Tabelle2[[#This Row],[Preis '[€']]]/(Tabelle2[[#This Row],[Menge '[g']]]),"") -> 0.002 | L10: =IFERROR(Tabelle2[[#This Row],[Preis '[€']]]/(Tabelle2[[#This Row],[Menge '[g']]]*Tabelle2[[#This Row],[Eiweiß '[g/100g']]]/100),"") -> 0.4 | M10: =IF(Tabelle2[[#This Row],[Kalorien '[kcal/100g']]]/100<>0,Tabelle2[[#This Row],[Kalorien '[kcal/100g']]]/100,"") -> 3.31 | N10: =IF(Tabelle2[[#This Row],[Eiweiß '[g/100g']]]/100<>0,Tabelle2[[#This Row],[Eiweiß '[g/100g']]]/100,"") -> 0.005
A11: Kokosmilch | C11: Aldi | D11: Fett | E11: 0.99 | F11: 400 | G11: 189 | H11: 2 | I11: 18.7 | J11: 3.1 | K11: =IFERROR(Tabelle2[[#This Row],[Preis '[€']]]/(Tabelle2[[#This Row],[Menge '[g']]]),"") -> 0.002475 | L11: =IFERROR(Tabelle2[[#This Row],[Preis '[€']]]/(Tabelle2[[#This Row],[Menge '[g']]]*Tabelle2[[#This Row],[Eiweiß '[g/100g']]]/100),"") -> 0.12375 | M11: =IF(Tabelle2[[#This Row],[Kalorien '[kcal/100g']]]/100<>0,Tabelle2[[#This Row],[Kalorien '[kcal/100g']]]/100,"") -> 1.89 | N11: =IF(Tabelle2[[#This Row],[Eiweiß '[g/100g']]]/100<>0,Tabelle2[[#This Row],[Eiweiß '[g/100g']]]/100,"") -> 0.02
A12: Basmati-Reis (ungekocht) | C12: Aldi | D12: Kohlenhydrate | E12: 2.69 | F12: 1000 | G12: 352 | H12: 8.4 | I12: 1 | J12: 77 | K12: =IFERROR(Tabelle2[[#This Row],[Preis '[€']]]/(Tabelle2[[#This Row],[Menge '[g']]]),"") -> 0.00269 | L12: =IFERROR(Tabelle2[[#This Row],[Preis '[€']]]/(Tabelle2[[#This Row],[Menge '[g']]]*Tabelle2[[#This Row],[Eiweiß '[g/100g']]]/100),"") -> 0.03202381 | M12: =IF(Tabelle2[[#This Row],[Kalorien '[kcal/100g']]]/100<>0,Tabelle2[[#This Row],[Kalorien '[kcal/100g']]]/100,"") -> 3.52 | N12: =IF(Tabelle2[[#This Row],[Eiweiß '[g/100g']]]/100<>0,Tabelle2[[#This Row],[Eiweiß '[g/100g']]]/100,"") -> 0.084
A13: Magerquark | B13: Milsani | C13: Aldi | D13: Protein | E13: 1.49 | F13: 500 | G13: 66 | H13: 12 | I13: 0.3 | J13: 3.9 | K13: =IFERROR(Tabelle2[[#This Row],[Preis '[€']]]/(Tabelle2[[#This Row],[Menge '[g']]]),"") -> 0.00298 | L13: =IFERROR(Tabelle2[[#This Row],[Preis '[€']]]/(Tabelle2[[#This Row],[Menge '[g']]]*Tabelle2[[#This Row],[Eiweiß '[g/100g']]]/100),"") -> 0.024833333 | M13: =IF(Tabelle2[[#This Row],[Kalorien '[kcal/100g']]]/100<>0,Tabelle2[[#This Row],[Kalorien '[kcal/100g']]]/100,"") -> 0.66 | N13: =IF(Tabelle2[[#This Row],[Eiweiß '[g/100g']]]/100<>0,Tabelle2[[#This Row],[Eiweiß '[g/100g']]]/100,"") -> 0.12
A14: Skyr | C14: Aldi | D14: Protein | E14: 1.49 | F14: 500 | G14: 62 | H14: 11 | I14: 0.2 | J14: 4 | K14: =IFERROR(Tabelle2[[#This Row],[Preis '[€']]]/(Tabelle2[[#This Row],[Menge '[g']]]),"") -> 0.00298 | L14: =IFERROR(Tabelle2[[#This Row],[Preis '[€']]]/(Tabelle2[[#This Row],[Menge '[g']]]*Tabelle2[[#This Row],[Eiweiß '[g/100g']]]/100),"") -> 0.027090909 | M14: =IF(Tabelle2[[#This Row],[Kalorien '[kcal/100g']]]/100<>0,Tabelle2[[#This Row],[Kalorien '[kcal/100g']]]/100,"") -> 0.62 | N14: =IF(Tabelle2[[#This Row],[Eiweiß '[g/100g']]]/100<>0,Tabelle2[[#This Row],[Eiweiß '[g/100g']]]/100,"") -> 0.11
A15: Brokkoli | D15: Gemüse | E15: 1.49 | F15: 500 | G15: 43 | H15: 4 | I15: 0.2 | J15: 2.9 | K15: =IFERROR(Tabelle2[[#This Row],[Preis '[€']]]/(Tabelle2[[#This Row],[Menge '[g']]]),"") -> 0.00298 | L15: =IFERROR(Tabelle2[[#This Row],[Preis '[€']]]/(Tabelle2[[#This Row],[Menge '[g']]]*Tabelle2[[#This Row],[Eiweiß '[g/100g']]]/100),"") -> 0.0745 | M15: =IF(Tabelle2[[#This Row],[Kalorien '[kcal/100g']]]/100<>0,Tabelle2[[#This Row],[Kalorien '[kcal/100g']]]/100,"") -> 0.43 | N15: =IF(Tabelle2[[#This Row],[Eiweiß '[g/100g']]]/100<>0,Tabelle2[[#This Row],[Eiweiß '[g/100g']]]/100,"") -> 0.04
A16: Eier | C16: Aldi | D16: Protein | E16: 2.49 | F16: 630 | G16: 155 | H16: 12.9 | I16: 10.6 | J16: 1.12 | K16: =IFERROR(Tabelle2[[#This Row],[Preis '[€']]]/(Tabelle2[[#This Row],[Menge '[g']]]),"") -> 0.003952381 | L16: =IFERROR(Tabelle2[[#This Row],[Preis '[€']]]/(Tabelle2[[#This Row],[Menge '[g']]]*Tabelle2[[#This Row],[Eiweiß '[g/100g']]]/100),"") -> 0.030638612 | M16: =IF(Tabelle2[[#This Row],[Kalorien '[kcal/100g']]]/100<>0,Tabelle2[[#This Row],[Kalorien '[kcal/100g']]]/100,"") -> 1.55 | N16: =IF(Tabelle2[[#This Row],[Eiweiß '[g/100g']]]/100<>0,Tabelle2[[#This Row],[Eiweiß '[g/100g']]]/100,"") -> 0.129
A17: Beerenmischung | B17: AllSeasons | C17: Aldi | D17: Geschmack | E17: 2.99 | F17: 750 | G17: 49 | H17: 1.2 | I17: 0.7 | J17: 7 | K17: =IFERROR(Tabelle2[[#This Row],[Preis '[€']]]/(Tabelle2[[#This Row],[Menge '[g']]]),"") -> 0.0039866667 | L17: =IFERROR(Tabelle2[[#This Row],[Preis '[€']]]/(Tabelle2[[#This Row],[Menge '[g']]]*Tabelle2[[#This Row],[Eiweiß '[g/100g']]]/100),"") -> 0.33222222 | M17: =IF(Tabelle2[[#This Row],[Kalorien '[kcal/100g']]]/100<>0,Tabelle2[[#This Row],[Kalorien '[kcal/100g']]]/100,"") -> 0.49 | N17: =IF(Tabelle2[[#This Row],[Eiweiß '[g/100g']]]/100<>0,Tabelle2[[#This Row],[Eiweiß '[g/100g']]]/100,"") -> 0.012
A18: Brot | D18: Kohlenhydrate | E18: 3.5 | F18: 800 | G18: 252 | H18: 7 | I18: 1.1 | J18: 52 | K18: =IFERROR(Tabelle2[[#This Row],[Preis '[€']]]/(Tabelle2[[#This Row],[Menge '[g']]]),"") -> 0.004375 | L18: =IFERROR(Tabelle2[[#This Row],[Preis '[€']]]/(Tabelle2[[#This Row],[Menge '[g']]]*Tabelle2[[#This Row],[Eiweiß '[g/100g']]]/100),"") -> 0.0625 | M18: =IF(Tabelle2[[#This Row],[Kalorien '[kcal/100g']]]/100<>0,Tabelle2[[#This Row],[Kalorien '[kcal/100g']]]/100,"") -> 2.52 | N18: =IF(Tabelle2[[#This Row],[Eiweiß '[g/100g']]]/100<>0,Tabelle2[[#This Row],[Eiweiß '[g/100g']]]/100,"") -> 0.07
A19: Körniger Frischkäse | B19: Gut&Günstig | C19: Edeka | D19: Protein | E19: 0.99 | F19: 200 | G19: 97 | H19: 11 | I19: 4.5 | J19: 3 | K19: =IFERROR(Tabelle2[[#This Row],[Preis '[€']]]/(Tabelle2[[#This Row],[Menge '[g']]]),"") -> 0.00495 | L19: =IFERROR(Tabelle2[[#This Row],[Preis '[€']]]/(Tabelle2[[#This Row],[Menge '[g']]]*Tabelle2[[#This Row],[Eiweiß '[g/100g']]]/100),"") -> 0.045 | M19: =IF(Tabelle2[[#This Row],[Kalorien '[kcal/100g']]]/100<>0,Tabelle2[[#This Row],[Kalorien '[kcal/100g']]]/100,"") -> 0.97 | N19: =IF(Tabelle2[[#This Row],[Eiweiß '[g/100g']]]/100<>0,Tabelle2[[#This Row],[Eiweiß '[g/100g']]]/100,"") -> 0.11
A20: Couscous | D20: Kohlenhydrate | E20: 2 | F20: 400 | G20: 343 | H20: 13 | I20: 2.2 | J20: 64 | K20: =IFERROR(Tabelle2[[#This Row],[Preis '[€']]]/(Tabelle2[[#This Row],[Menge '[g']]]),"") -> 0.005 | L20: =IFERROR(Tabelle2[[#This Row],[Preis '[€']]]/(Tabelle2[[#This Row],[Menge '[g']]]*Tabelle2[[#This Row],[Eiweiß '[g/100g']]]/100),"") -> 0.038461538 | M20: =IF(Tabelle2[[#This Row],[Kalorien '[kcal/100g']]]/100<>0,Tabelle2[[#This Row],[Kalorien '[kcal/100g']]]/100,"") -> 3.43 | N20: =IF(Tabelle2[[#This Row],[Eiweiß '[g/100g']]]/100<>0,Tabelle2[[#This Row],[Eiweiß '[g/100g']]]/100,"") -> 0.13
A21: Cherry-Tomaten | D21: Gemüse | E21: 1.25 | F21: 250 | G21: 15 | H21: 0.8 | I21: 0.1 | J21: 2.8 | K21: =IFERROR(Tabelle2[[#This Row],[Preis '[€']]]/(Tabelle2[[#This Row],[Menge '[g']]]),"") -> 0.005 | L21: =IFERROR(Tabelle2[[#This Row],[Preis '[€']]]/(Tabelle2[[#This Row],[Menge '[g']]]*Tabelle2[[#This Row],[Eiweiß '[g/100g']]]/100),"") -> 0.625 | M21: =IF(Tabelle2[[#This Row],[Kalorien '[kcal/100g']]]/100<>0,Tabelle2[[#This Row],[Kalorien '[kcal/100g']]]/100,"") -> 0.15 | N21: =IF(Tabelle2[[#This Row],[Eiweiß '[g/100g']]]/100<>0,Tabelle2[[#This Row],[Eiweiß '[g/100g']]]/100,"") -> 0.008
A22: Creme Fraiche | B22: Ja! | C22: Rewe | D22: Geschmack | E22: 1.09 | F22: 200 | G22: 297 | H22: 2.6 | I22: 30 | J22: 2.8 | K22: =IFERROR(Tabelle2[[#This Row],[Preis '[€']]]/(Tabelle2[[#This Row],[Menge '[g']]]),"") -> 0.00545 | L22: =IFERROR(Tabelle2[[#This Row],[Preis '[€']]]/(Tabelle2[[#This Row],[Menge '[g']]]*Tabelle2[[#This Row],[Eiweiß '[g/100g']]]/100),"") -> 0.20961538 | M22: =IF(Tabelle2[[#This Row],[Kalorien '[kcal/100g']]]/100<>0,Tabelle2[[#This Row],[Kalorien '[kcal/100g']]]/100,"") -> 2.97 | N22: =IF(Tabelle2[[#This Row],[Eiweiß '[g/100g']]]/100<>0,Tabelle2[[#This Row],[Eiweiß '[g/100g']]]/100,"") -> 0.026
A23: Grüne Bohnen | C23: Aldi | D23: Gemüse | E23: 2.29 | F23: 400 | G23: 31 | H23: 1.83 | I23: 0.22 | J23: 6.97 | K23: =IFERROR(Tabelle2[[#This Row],[Preis '[€']]]/(Tabelle2[[#This Row],[Menge '[g']]]),"") -> 0.005725 | L23: =IFERROR(Tabelle2[[#This Row],[Preis '[€']]]/(Tabelle2[[#This Row],[Menge '[g']]]*Tabelle2[[#This Row],[Eiweiß '[g/100g']]]/100),"") -> 0.31284153 | M23: =IF(Tabelle2[[#This Row],[Kalorien '[kcal/100g']]]/100<>0,Tabelle2[[#This Row],[Kalorien '[kcal/100g']]]/100,"") -> 0.31 | N23: =IF(Tabelle2[[#This Row],[Eiweiß '[g/100g']]]/100<>0,Tabelle2[[#This Row],[Eiweiß '[g/100g']]]/100,"") -> 0.0183
A24: Hüttenkäse | B24: Gervais | C24: Rewe | D24: Protein | E24: 2.99 | F24: 400 | G24: 93 | H24: 12.3 | I24: 3.9 | J24: 1.6 | K24: =IFERROR(Tabelle2[[#This Row],[Preis '[€']]]/(Tabelle2[[#This Row],[Menge '[g']]]),"") -> 0.007475 | L24: =IFERROR(Tabelle2[[#This Row],[Preis '[€']]]/(Tabelle2[[#This Row],[Menge '[g']]]*Tabelle2[[#This Row],[Eiweiß '[g/100g']]]/100),"") -> 0.060772358 | M24: =IF(Tabelle2[[#This Row],[Kalorien '[kcal/100g']]]/100<>0,Tabelle2[[#This Row],[Kalorien '[kcal/100g']]]/100,"") -> 0.93 | N24: =IF(Tabelle2[[#This Row],[Eiweiß '[g/100g']]]/100<>0,Tabelle2[[#This Row],[Eiweiß '[g/100g']]]/100,"") -> 0.123
A25: Eiweiß | B25: Pumperlgsund | C25: DM | D25: Protein | E25: 5.25 | F25: 483 | G25: 48 | H25: 11 | I25: 0 | J25: 0.7 | K25: =IFERROR(Tabelle2[[#This Row],[Preis '[€']]]/(Tabelle2[[#This Row],[Menge '[g']]]),"") -> 0.010869565 | L25: =IFERROR(Tabelle2[[#This Row],[Preis '[€']]]/(Tabelle2[[#This Row],[Menge '[g']]]*Tabelle2[[#This Row],[Eiweiß '[g/100g']]]/100),"") -> 0.098814229 | M25: =IF(Tabelle2[[#This Row],[Kalorien '[kcal/100g']]]/100<>0,Tabelle2[[#This Row],[Kalorien '[kcal/100g']]]/100,"") -> 0.48 | N25: =IF(Tabelle2[[#This Row],[Eiweiß '[g/100g']]]/100<>0,Tabelle2[[#This Row],[Eiweiß '[g/100g']]]/100,"") -> 0.11
A26: Mandeln | D26: Fett | E26: 2.29 | F26: 200 | G26: 619 | H26: 24 | I26: 53 | J26: 5.7 | K26: =IFERROR(Tabelle2[[#This Row],[Preis '[€']]]/(Tabelle2[[#This Row],[Menge '[g']]]),"") -> 0.01145 | L26: =IFERROR(Tabelle2[[#This Row],[Preis '[€']]]/(Tabelle2[[#This Row],[Menge '[g']]]*Tabelle2[[#This Row],[Eiweiß '[g/100g']]]/100),"") -> 0.047708333 | M26: =IF(Tabelle2[[#This Row],[Kalorien '[kcal/100g']]]/100<>0,Tabelle2[[#This Row],[Kalorien '[kcal/100g']]]/100,"") -> 6.19 | N26: =IF(Tabelle2[[#This Row],[Eiweiß '[g/100g']]]/100<>0,Tabelle2[[#This Row],[Eiweiß '[g/100g']]]/100,"") -> 0.24
A27: Rinderhackfleisch | C27: Aldi | D27: Protein | E27: 4.79 | F27: 400 | G27: 235 | H27: 20 | I27: 17 | J27: 0.5 | K27: =IFERROR(Tabelle2[[#This Row],[Preis '[€']]]/(Tabelle2[[#This Row],[Menge '[g']]]),"") -> 0.011975 | L27: =IFERROR(Tabelle2[[#This Row],[Preis '[€']]]/(Tabelle2[[#This Row],[Menge '[g']]]*Tabelle2[[#This Row],[Eiweiß '[g/100g']]]/100),"") -> 0.059875 | M27: =IF(Tabelle2[[#This Row],[Kalorien '[kcal/100g']]]/100<>0,Tabelle2[[#This Row],[Kalorien '[kcal/100g']]]/100,"") -> 2.35 | N27: =IF(Tabelle2[[#This Row],[Eiweiß '[g/100g']]]/100<>0,Tabelle2[[#This Row],[Eiweiß '[g/100g']]]/100,"") -> 0.2
A28: Hähnchenbrustfilet | C28: Aldi | D28: Protein | E28: 4.89 | F28: 350 | G28: 97 | H28: 20 | I28: 1.5 | J28: 0.5 | K28: =IFERROR(Tabelle2[[#This Row],[Preis '[€']]]/(Tabelle2[[#This Row],[Menge '[g']]]),"") -> 0.013971429 | L28: =IFERROR(Tabelle2[[#This Row],[Preis '[€']]]/(Tabelle2[[#This Row],[Menge '[g']]]*Tabelle2[[#This Row],[Eiweiß '[g/100g']]]/100),"") -> 0.069857143 | M28: =IF(Tabelle2[[#This Row],[Kalorien '[kcal/100g']]]/100<>0,Tabelle2[[#This Row],[Kalorien '[kcal/100g']]]/100,"") -> 0.97 | N28: =IF(Tabelle2[[#This Row],[Eiweiß '[g/100g']]]/100<>0,Tabelle2[[#This Row],[Eiweiß '[g/100g']]]/100,"") -> 0.2
A29: Feta-Käse | B29: Padro? | D29: Fett | E29: 2.89 | F29: 180 | G29: 265 | H29: 14.2 | I29: 21.5 | J29: 3.9 | K29: =IFERROR(Tabelle2[[#This Row],[Preis '[€']]]/(Tabelle2[[#This Row],[Menge '[g']]]),"") -> 0.016055556 | L29: =IFERROR(Tabelle2[[#This Row],[Preis '[€']]]/(Tabelle2[[#This Row],[Menge '[g']]]*Tabelle2[[#This Row],[Eiweiß '[g/100g']]]/100),"") -> 0.11306729 | M29: =IF(Tabelle2[[#This Row],[Kalorien '[kcal/100g']]]/100<>0,Tabelle2[[#This Row],[Kalorien '[kcal/100g']]]/100,"") -> 2.65 | N29: =IF(Tabelle2[[#This Row],[Eiweiß '[g/100g']]]/100<>0,Tabelle2[[#This Row],[Eiweiß '[g/100g']]]/100,"") -> 0.142
A30: Grünes Pesto | B30: Barilla | D30: Geschmack | E30: 3.59 | F30: 190 | G30: 482 | H30: 4.7 | I30: 46 | J30: 9.8 | K30: =IFERROR(Tabelle2[[#This Row],[Preis '[€']]]/(Tabelle2[[#This Row],[Menge '[g']]]),"") -> 0.018894737 | L30: =IFERROR(Tabelle2[[#This Row],[Preis '[€']]]/(Tabelle2[[#This Row],[Menge '[g']]]*Tabelle2[[#This Row],[Eiweiß '[g/100g']]]/100),"") -> 0.40201568 | M30: =IF(Tabelle2[[#This Row],[Kalorien '[kcal/100g']]]/100<>0,Tabelle2[[#This Row],[Kalorien '[kcal/100g']]]/100,"") -> 4.82 | N30: =IF(Tabelle2[[#This Row],[Eiweiß '[g/100g']]]/100<>0,Tabelle2[[#This Row],[Eiweiß '[g/100g']]]/100,"") -> 0.047
A31: Isolat | B31: MyProtein | C31: Amazon | D31: Protein | E31: 59.99 | F31: 2500 | G31: 373 | H31: 90 | I31: 0.3 | J31: 2.5 | K31: =IFERROR(Tabelle2[[#This Row],[Preis '[€']]]/(Tabelle2[[#This Row],[Menge '[g']]]),"") -> 0.023996 | L31: =IFERROR(Tabelle2[[#This Row],[Preis '[€']]]/(Tabelle2[[#This Row],[Menge '[g']]]*Tabelle2[[#This Row],[Eiweiß '[g/100g']]]/100),"") -> 0.026662222 | M31: =IF(Tabelle2[[#This Row],[Kalorien '[kcal/100g']]]/100<>0,Tabelle2[[#This Row],[Kalorien '[kcal/100g']]]/100,"") -> 3.73 | N31: =IF(Tabelle2[[#This Row],[Eiweiß '[g/100g']]]/100<>0,Tabelle2[[#This Row],[Eiweiß '[g/100g']]]/100,"") -> 0.9
A32: Lachs | C32: Aldi | D32: Protein | E32: 4.99 | F32: 200 | G32: 100 | H32: 13 | K32: =IFERROR(Tabelle2[[#This Row],[Preis '[€']]]/(Tabelle2[[#This Row],[Menge '[g']]]),"") -> 0.02495 | L32: =IFERROR(Tabelle2[[#This Row],[Preis '[€']]]/(Tabelle2[[#This Row],[Menge '[g']]]*Tabelle2[[#This Row],[Eiweiß '[g/100g']]]/100),"") -> 0.19192308 | M32: =IF(Tabelle2[[#This Row],[Kalorien '[kcal/100g']]]/100<>0,Tabelle2[[#This Row],[Kalorien '[kcal/100g']]]/100,"") -> 1 | N32: =IF(Tabelle2[[#This Row],[Eiweiß '[g/100g']]]/100<>0,Tabelle2[[#This Row],[Eiweiß '[g/100g']]]/100,"") -> 0.13
A33: Babyspinat | K33: =IFERROR(Tabelle2[[#This Row],[Preis '[€']]]/(Tabelle2[[#This Row],[Menge '[g']]]),"") | L33: =IFERROR(Tabelle2[[#This Row],[Preis '[€']]]/(Tabelle2[[#This Row],[Menge '[g']]]*Tabelle2[[#This Row],[Eiweiß '[g/100g']]]/100),"") | M33: =IF(Tabelle2[[#This Row],[Kalorien '[kcal/100g']]]/100<>0,Tabelle2[[#This Row],[Kalorien '[kcal/100g']]]/100,"") | N33: =IF(Tabelle2[[#This Row],[Eiweiß '[g/100g']]]/100<>0,Tabelle2[[#This Row],[Eiweiß '[g/100g']]]/100,"")
A34: Dosentomaten | K34: =IFERROR(Tabelle2[[#This Row],[Preis '[€']]]/(Tabelle2[[#This Row],[Menge '[g']]]),"") | L34: =IFERROR(Tabelle2[[#This Row],[Preis '[€']]]/(Tabelle2[[#This Row],[Menge '[g']]]*Tabelle2[[#This Row],[Eiweiß '[g/100g']]]/100),"") | M34: =IF(Tabelle2[[#This Row],[Kalorien '[kcal/100g']]]/100<>0,Tabelle2[[#This Row],[Kalorien '[kcal/100g']]]/100,"") | N34: =IF(Tabelle2[[#This Row],[Eiweiß '[g/100g']]]/100<>0,Tabelle2[[#This Row],[Eiweiß '[g/100g']]]/100,"")
A35: Ingwer | K35: =IFERROR(Tabelle2[[#This Row],[Preis '[€']]]/(Tabelle2[[#This Row],[Menge '[g']]]),"") | L35: =IFERROR(Tabelle2[[#This Row],[Preis '[€']]]/(Tabelle2[[#This Row],[Menge '[g']]]*Tabelle2[[#This Row],[Eiweiß '[g/100g']]]/100),"") | M35: =IF(Tabelle2[[#This Row],[Kalorien '[kcal/100g']]]/100<>0,Tabelle2[[#This Row],[Kalorien '[kcal/100g']]]/100,"") | N35: =IF(Tabelle2[[#This Row],[Eiweiß '[g/100g']]]/100<>0,Tabelle2[[#This Row],[Eiweiß '[g/100g']]]/100,"")
A36: Knoblauch | K36: =IFERROR(Tabelle2[[#This Row],[Preis '[€']]]/(Tabelle2[[#This Row],[Menge '[g']]]),"") | L36: =IFERROR(Tabelle2[[#This Row],[Preis '[€']]]/(Tabelle2[[#This Row],[Menge '[g']]]*Tabelle2[[#This Row],[Eiweiß '[g/100g']]]/100),"") | M36: =IF(Tabelle2[[#This Row],[Kalorien '[kcal/100g']]]/100<>0,Tabelle2[[#This Row],[Kalorien '[kcal/100g']]]/100,"") | N36: =IF(Tabelle2[[#This Row],[Eiweiß '[g/100g']]]/100<>0,Tabelle2[[#This Row],[Eiweiß '[g/100g']]]/100,"")
A37: Linsen | K37: =IFERROR(Tabelle2[[#This Row],[Preis '[€']]]/(Tabelle2[[#This Row],[Menge '[g']]]),"") | L37: =IFERROR(Tabelle2[[#This Row],[Preis '[€']]]/(Tabelle2[[#This Row],[Menge '[g']]]*Tabelle2[[#This Row],[Eiweiß '[g/100g']]]/100),"") | M37: =IF(Tabelle2[[#This Row],[Kalorien '[kcal/100g']]]/100<>0,Tabelle2[[#This Row],[Kalorien '[kcal/100g']]]/100,"") | N37: =IF(Tabelle2[[#This Row],[Eiweiß '[g/100g']]]/100<>0,Tabelle2[[#This Row],[Eiweiß '[g/100g']]]/100,"")
A38: Olivenöl | K38: =IFERROR(Tabelle2[[#This Row],[Preis '[€']]]/(Tabelle2[[#This Row],[Menge '[g']]]),"") | L38: =IFERROR(Tabelle2[[#This Row],[Preis '[€']]]/(Tabelle2[[#This Row],[Menge '[g']]]*Tabelle2[[#This Row],[Eiweiß '[g/100g']]]/100),"") | M38: =IF(Tabelle2[[#This Row],[Kalorien '[kcal/100g']]]/100<>0,Tabelle2[[#This Row],[Kalorien '[kcal/100g']]]/100,"") | N38: =IF(Tabelle2[[#This Row],[Eiweiß '[g/100g']]]/100<>0,Tabelle2[[#This Row],[Eiweiß '[g/100g']]]/100,"")
A39: Thai-Currypaste | K39: =IFERROR(Tabelle2[[#This Row],[Preis '[€']]]/(Tabelle2[[#This Row],[Menge '[g']]]),"") | L39: =IFERROR(Tabelle2[[#This Row],[Preis '[€']]]/(Tabelle2[[#This Row],[Menge '[g']]]*Tabelle2[[#This Row],[Eiweiß '[g/100g']]]/100),"") | M39: =IF(Tabelle2[[#This Row],[Kalorien '[kcal/100g']]]/100<>0,Tabelle2[[#This Row],[Kalorien '[kcal/100g']]]/100,"") | N39: =IF(Tabelle2[[#This Row],[Eiweiß '[g/100g']]]/100<>0,Tabelle2[[#This Row],[Eiweiß '[g/100g']]]/100,"")
A40: Zwiebeln | K40: =IFERROR(Tabelle2[[#This Row],[Preis '[€']]]/(Tabelle2[[#This Row],[Menge '[g']]]),"") | L40: =IFERROR(Tabelle2[[#This Row],[Preis '[€']]]/(Tabelle2[[#This Row],[Menge '[g']]]*Tabelle2[[#This Row],[Eiweiß '[g/100g']]]/100),"") | M40: =IF(Tabelle2[[#This Row],[Kalorien '[kcal/100g']]]/100<>0,Tabelle2[[#This Row],[Kalorien '[kcal/100g']]]/100,"") | N40: =IF(Tabelle2[[#This Row],[Eiweiß '[g/100g']]]/100<>0,Tabelle2[[#This Row],[Eiweiß '[g/100g']]]/100,"")
K41: =IFERROR(Tabelle2[[#This Row],[Preis '[€']]]/(Tabelle2[[#This Row],[Menge '[g']]]),"") | L41: =IFERROR(Tabelle2[[#This Row],[Preis '[€']]]/(Tabelle2[[#This Row],[Menge '[g']]]*Tabelle2[[#This Row],[Eiweiß '[g/100g']]]/100),"") | M41: =IF(Tabelle2[[#This Row],[Kalorien '[kcal/100g']]]/100<>0,Tabelle2[[#This Row],[Kalorien '[kcal/100g']]]/100,"") | N41: =IF(Tabelle2[[#This Row],[Eiweiß '[g/100g']]]/100<>0,Tabelle2[[#This Row],[Eiweiß '[g/100g']]]/100,"")
K42: =IFERROR(Tabelle2[[#This Row],[Preis '[€']]]/(Tabelle2[[#This Row],[Menge '[g']]]),"") | L42: =IFERROR(Tabelle2[[#This Row],[Preis '[€']]]/(Tabelle2[[#This Row],[Menge '[g']]]*Tabelle2[[#This Row],[Eiweiß '[g/100g']]]/100),"") | M42: =IF(Tabelle2[[#This Row],[Kalorien '[kcal/100g']]]/100<>0,Tabelle2[[#This Row],[Kalorien '[kcal/100g']]]/100,"") | N42: =IF(Tabelle2[[#This Row],[Eiweiß '[g/100g']]]/100<>0,Tabelle2[[#This Row],[Eiweiß '[g/100g']]]/100,"")
K43: =IFERROR(Tabelle2[[#This Row],[Preis '[€']]]/(Tabelle2[[#This Row],[Menge '[g']]]),"") | L43: =IFERROR(Tabelle2[[#This Row],[Preis '[€']]]/(Tabelle2[[#This Row],[Menge '[g']]]*Tabelle2[[#This Row],[Eiweiß '[g/100g']]]/100),"") | M43: =IF(Tabelle2[[#This Row],[Kalorien '[kcal/100g']]]/100<>0,Tabelle2[[#This Row],[Kalorien '[kcal/100g']]]/100,"") | N43: =IF(Tabelle2[[#This Row],[Eiweiß '[g/100g']]]/100<>0,Tabelle2[[#This Row],[Eiweiß '[g/100g']]]/100,"")
K44: =IFERROR(Tabelle2[[#This Row],[Preis '[€']]]/(Tabelle2[[#This Row],[Menge '[g']]]),"") | L44: =IFERROR(Tabelle2[[#This Row],[Preis '[€']]]/(Tabelle2[[#This Row],[Menge '[g']]]*Tabelle2[[#This Row],[Eiweiß '[g/100g']]]/100),"") | M44: =IF(Tabelle2[[#This Row],[Kalorien '[kcal/100g']]]/100<>0,Tabelle2[[#This Row],[Kalorien '[kcal/100g']]]/100,"") | N44: =IF(Tabelle2[[#This Row],[Eiweiß '[g/100g']]]/100<>0,Tabelle2[[#This Row],[Eiweiß '[g/100g']]]/100,"")
K45: =IFERROR(Tabelle2[[#This Row],[Preis '[€']]]/(Tabelle2[[#This Row],[Menge '[g']]]),"") | L45: =IFERROR(Tabelle2[[#This Row],[Preis '[€']]]/(Tabelle2[[#This Row],[Menge '[g']]]*Tabelle2[[#This Row],[Eiweiß '[g/100g']]]/100),"") | M45: =IF(Tabelle2[[#This Row],[Kalorien '[kcal/100g']]]/100<>0,Tabelle2[[#This Row],[Kalorien '[kcal/100g']]]/100,"") | N45: =IF(Tabelle2[[#This Row],[Eiweiß '[g/100g']]]/100<>0,Tabelle2[[#This Row],[Eiweiß '[g/100g']]]/100,"")
K46: =IFERROR(Tabelle2[[#This Row],[Preis '[€']]]/(Tabelle2[[#This Row],[Menge '[g']]]),"") | L46: =IFERROR(Tabelle2[[#This Row],[Preis '[€']]]/(Tabelle2[[#This Row],[Menge '[g']]]*Tabelle2[[#This Row],[Eiweiß '[g/100g']]]/100),"") | M46: =IF(Tabelle2[[#This Row],[Kalorien '[kcal/100g']]]/100<>0,Tabelle2[[#This Row],[Kalorien '[kcal/100g']]]/100,"") | N46: =IF(Tabelle2[[#This Row],[Eiweiß '[g/100g']]]/100<>0,Tabelle2[[#This Row],[Eiweiß '[g/100g']]]/100,"")
K47: =IFERROR(Tabelle2[[#This Row],[Preis '[€']]]/(Tabelle2[[#This Row],[Menge '[g']]]),"") | L47: =IFERROR(Tabelle2[[#This Row],[Preis '[€']]]/(Tabelle2[[#This Row],[Menge '[g']]]*Tabelle2[[#This Row],[Eiweiß '[g/100g']]]/100),"") | M47: =IF(Tabelle2[[#This Row],[Kalorien '[kcal/100g']]]/100<>0,Tabelle2[[#This Row],[Kalorien '[kcal/100g']]]/100,"") | N47: =IF(Tabelle2[[#This Row],[Eiweiß '[g/100g']]]/100<>0,Tabelle2[[#This Row],[Eiweiß '[g/100g']]]/100,"")
K48: =IFERROR(Tabelle2[[#This Row],[Preis '[€']]]/(Tabelle2[[#This Row],[Menge '[g']]]),"") | L48: =IFERROR(Tabelle2[[#This Row],[Preis '[€']]]/(Tabelle2[[#This Row],[Menge '[g']]]*Tabelle2[[#This Row],[Eiweiß '[g/100g']]]/100),"") | M48: =IF(Tabelle2[[#This Row],[Kalorien '[kcal/100g']]]/100<>0,Tabelle2[[#This Row],[Kalorien '[kcal/100g']]]/100,"") | N48: =IF(Tabelle2[[#This Row],[Eiweiß '[g/100g']]]/100<>0,Tabelle2[[#This Row],[Eiweiß '[g/100g']]]/100,"")
K49: =IFERROR(Tabelle2[[#This Row],[Preis '[€']]]/(Tabelle2[[#This Row],[Menge '[g']]]),"") | L49: =IFERROR(Tabelle2[[#This Row],[Preis '[€']]]/(Tabelle2[[#This Row],[Menge '[g']]]*Tabelle2[[#This Row],[Eiweiß '[g/100g']]]/100),"") | M49: =IF(Tabelle2[[#This Row],[Kalorien '[kcal/100g']]]/100<>0,Tabelle2[[#This Row],[Kalorien '[kcal/100g']]]/100,"") | N49: =IF(Tabelle2[[#This Row],[Eiweiß '[g/100g']]]/100<>0,Tabelle2[[#This Row],[Eiweiß '[g/100g']]]/100,"")
K50: =IFERROR(Tabelle2[[#This Row],[Preis '[€']]]/(Tabelle2[[#This Row],[Menge '[g']]]),"") | L50: =IFERROR(Tabelle2[[#This Row],[Preis '[€']]]/(Tabelle2[[#This Row],[Menge '[g']]]*Tabelle2[[#This Row],[Eiweiß '[g/100g']]]/100),"") | M50: =IF(Tabelle2[[#This Row],[Kalorien '[kcal/100g']]]/100<>0,Tabelle2[[#This Row],[Kalorien '[kcal/100g']]]/100,"") | N50: =IF(Tabelle2[[#This Row],[Eiweiß '[g/100g']]]/100<>0,Tabelle2[[#This Row],[Eiweiß '[g/100g']]]/100,"")
K51: =IFERROR(Tabelle2[[#This Row],[Preis '[€']]]/(Tabelle2[[#This Row],[Menge '[g']]]),"") | L51: =IFERROR(Tabelle2[[#This Row],[Preis '[€']]]/(Tabelle2[[#This Row],[Menge '[g']]]*Tabelle2[[#This Row],[Eiweiß '[g/100g']]]/100),"") | M51: =IF(Tabelle2[[#This Row],[Kalorien '[kcal/100g']]]/100<>0,Tabelle2[[#This Row],[Kalorien '[kcal/100g']]]/100,"") | N51: =IF(Tabelle2[[#This Row],[Eiweiß '[g/100g']]]/100<>0,Tabelle2[[#This Row],[Eiweiß '[g/100g']]]/100,"")
K52: =IFERROR(Tabelle2[[#This Row],[Preis '[€']]]/(Tabelle2[[#This Row],[Menge '[g']]]),"") | L52: =IFERROR(Tabelle2[[#This Row],[Preis '[€']]]/(Tabelle2[[#This Row],[Menge '[g']]]*Tabelle2[[#This Row],[Eiweiß '[g/100g']]]/100),"") | M52: =IF(Tabelle2[[#This Row],[Kalorien '[kcal/100g']]]/100<>0,Tabelle2[[#This Row],[Kalorien '[kcal/100g']]]/100,"") | N52: =IF(Tabelle2[[#This Row],[Eiweiß '[g/100g']]]/100<>0,Tabelle2[[#This Row],[Eiweiß '[g/100g']]]/100,"")
... K204: =IFERROR(Tabelle2[[#This Row],[Preis '[€']]]/(Tabelle2[[#This Row],[Menge '[g']]]),"") | L204: =IFERROR(Tabelle2[[#This Row],[Preis '[€']]]/(Tabelle2[[#This Row],[Menge '[g']]]*Tabelle2[[#This Row],[Eiweiß '[g/100g']]]/100),"") | M204: =IF(Tabelle2[[#This Row],[Kalorien '[kcal/100g']]]/100<>0,Tabelle2[[#This Row],[Kalorien '[kcal/100g']]]/100,"") | N204: =IF(Tabelle2[[#This Row],[Eiweiß '[g/100g']]]/100<>0,Tabelle2[[#This Row],[Eiweiß '[g/100g']]]/100,"")
