Workbook

Sheet Tabelle1
B1: Portionen | C1: kcal | D1: prot | E1: fett | F1: KH | G1: kosten
A2: Frühstück: | B2: 6 | C2: 980 | D2: 58 | E2: 36.4 | F2: 108.2 | G2: 2.18
A3: Mittagessen | B3: 5 | C3: 1240 | D3: 51 | E3: 57.6 | F3: 59 | G3: 5.05
A4: Shake | B4: 6 | C4: =Shake!Q17 -> 1190.8 | D4: =Shake!R17 -> 32.247 | E4: =Shake!S17 -> 71.15 | F4: =Shake!T17 -> 104.524 | G4: =Shake!U17 -> 2.7217857
B6: Gesamt /d | C6: =C2+C3+C4 -> 3410.8 | D6: =D2+D3+D4 -> 141.247 | E6: =E2+E3+E4 -> 165.15 | F6: =F2+F3+F4 -> 271.724 | G6: =G2+G3+G4 -> 9.9517857
B7: kcal macros | C7: =SUM(D7:F7) -> 3410.8 | D7: =D6*($C$6/($D$6+$E$6*2.25+$F$6)) -> 614.05908 | E7: =E6*($C$6*2.25/($D$6+$E$6*2.25+$F$6)) -> 1615.4444 | F7: =F6*($C$6/($D$6+$E$6*2.25+$F$6)) -> 1181.2965
A33: Zutat | B33: Menge | C33: Packungsgröße | D33: Haltbarkeit | E33: Wo einkaufen? | F33: Max. Anzahl an Packungen | G33: Tage bis Anbruch der nächsten Packung
A34: Honig | B34: 25 | C34: 500 | D34: 1000 | E34: Netto, Lidl, REWE | F34: =((Tabelle1[[#This Row],[Haltbarkeit]]*7*Tabelle1[[#This Row],[Menge]])/Tabelle1[[#This Row],[Packungsgröße]])*(Tabelle1[[#This Row],[Packungsgröße]]/Tabelle1[[#This Row],[Menge]]) -> 7000 | G34: =Tabelle1[[#This Row],[Packungsgröße]]/Tabelle1[[#This Row],[Menge]] -> 20
A35: Tomaten | B35: 160 | C35: 400 | D35: 100 | E35: Netto, Lidl, REWE | F35: =(Tabelle1[[#This Row],[Haltbarkeit]]*7*Tabelle1[[#This Row],[Menge]])/Tabelle1[[#This Row],[Packungsgröße]] -> 280 | G35: =Tabelle1[[#This Row],[Packungsgröße]]/Tabelle1[[#This Row],[Menge]] -> 2.5
A36: Walnuss | B36: 40 | C36: 150 | D36: 52 | E36: Netto, Lidl, REWE | F36: =(Tabelle1[[#This Row],[Haltbarkeit]]*7*Tabelle1[[#This Row],[Menge]])/Tabelle1[[#This Row],[Packungsgröße]] -> 97.066667 | G36: =Tabelle1[[#This Row],[Packungsgröße]]/Tabelle1[[#This Row],[Menge]] -> 3.75
A37: Haferflocken | B37: 133 | C37: 500 | D37: 52 | E37: Überall | F37: =(Tabelle1[[#This Row],[Haltbarkeit]]*7*Tabelle1[[#This Row],[Menge]])/Tabelle1[[#This Row],[Packungsgröße]] -> 96.824 | G37: =Tabelle1[[#This Row],[Packungsgröße]]/Tabelle1[[#This Row],[Menge]] -> 3.7593985
A38: Basmati-Reis | B38: 81.8 | C38: 500 | D38: 52 | E38: Lidl, REWE | F38: =(Tabelle1[[#This Row],[Haltbarkeit]]*7*Tabelle1[[#This Row],[Menge]])/Tabelle1[[#This Row],[Packungsgröße]] -> 59.5504 | G38: =Tabelle1[[#This Row],[Packungsgröße]]/Tabelle1[[#This Row],[Menge]] -> 6.1124694
A39: Erdnussbutter | B39: 30 | C39: 250 | D39: 52 | E39: REWE | F39: =(Tabelle1[[#This Row],[Haltbarkeit]]*7*Tabelle1[[#This Row],[Menge]])/Tabelle1[[#This Row],[Packungsgröße]] -> 43.68 | G39: =Tabelle1[[#This Row],[Packungsgröße]]/Tabelle1[[#This Row],[Menge]] -> 8.3333333
A40: Cashewnüsse | B40: 61 | C40: 250 | D40: 24 | E40: Lidl, REWE | F40: =(Tabelle1[[#This Row],[Haltbarkeit]]*7*Tabelle1[[#This Row],[Menge]])/Tabelle1[[#This Row],[Packungsgröße]] -> 40.992 | G40: =Tabelle1[[#This Row],[Packungsgröße]]/Tabelle1[[#This Row],[Menge]] -> 4.0983607
A41: Mandeln | B41: 50 | C41: 150 | D41: 12 | E41: Netto, Lidl, REWE | F41: =(Tabelle1[[#This Row],[Haltbarkeit]]*7*Tabelle1[[#This Row],[Menge]])/Tabelle1[[#This Row],[Packungsgröße]] -> 28 | G41: =Tabelle1[[#This Row],[Packungsgröße]]/Tabelle1[[#This Row],[Menge]] -> 3
A42: Makadamianüsse | B42: 40 | C42: 1000 | D42: 52 | E42: Online | F42: =(Tabelle1[[#This Row],[Haltbarkeit]]*7*Tabelle1[[#This Row],[Menge]])/Tabelle1[[#This Row],[Packungsgröße]] -> 14.56 | G42: =Tabelle1[[#This Row],[Packungsgröße]]/Tabelle1[[#This Row],[Menge]] -> 25
A43: Olivenöl | B43: 30 | C43: 750 | D43: 52 | E43: Netto, Lidl, REWE | F43: =(Tabelle1[[#This Row],[Haltbarkeit]]*7*Tabelle1[[#This Row],[Menge]])/Tabelle1[[#This Row],[Packungsgröße]] -> 14.56 | G43: =Tabelle1[[#This Row],[Packungsgröße]]/Tabelle1[[#This Row],[Menge]] -> 25
A44: Butter | B44: 23.4 | C44: 250 | D44: 12 | E44: Netto, Lidl, REWE | F44: =(Tabelle1[[#This Row],[Haltbarkeit]]*7*Tabelle1[[#This Row],[Menge]])/Tabelle1[[#This Row],[Packungsgröße]] -> 7.8624 | G44: =Tabelle1[[#This Row],[Packungsgröße]]/Tabelle1[[#This Row],[Menge]] -> 10.683761
A45: Beeren(Er,Him,Bl,Hei) | B45: 15 | C45: 750 | D45: 52 | E45: Netto, Lidl, REWE | F45: =(Tabelle1[[#This Row],[Haltbarkeit]]*7*Tabelle1[[#This Row],[Menge]])/Tabelle1[[#This Row],[Packungsgröße]] -> 7.28 | G45: =Tabelle1[[#This Row],[Packungsgröße]]/Tabelle1[[#This Row],[Menge]] -> 50
A46: Kirsche | B46: 6 | C46: 300 | D46: 52 | E46: REWE | F46: =(Tabelle1[[#This Row],[Haltbarkeit]]*7*Tabelle1[[#This Row],[Menge]])/Tabelle1[[#This Row],[Packungsgröße]] -> 7.28 | G46: =Tabelle1[[#This Row],[Packungsgröße]]/Tabelle1[[#This Row],[Menge]] -> 50
... A61: Hähnchenbrust | B61: 134 | C61: 400 | D61: 0 | E61: Lidl, REWE | F61: =(Tabelle1[[#This Row],[Haltbarkeit]]*7*Tabelle1[[#This Row],[Menge]])/Tabelle1[[#This Row],[Packungsgröße]] -> 0 | G61: =Tabelle1[[#This Row],[Packungsgröße]]/Tabelle1[[#This Row],[Menge]] -> 2.9850746

Sheet Shake
A1: Shake Zutaten
B2: kcal/100g | C2: prot/100g | D2: Fett/100g | E2: carbs/100g | F2: Preis | G2: Package Size | H2: kcal/g | I2: prot g/g | J2: fett g/g | K2: carbs g/g | L2: preis €/g | M2: kh score | N2: f score | O2: Menge | Q2: kcal | R2: protein [g] | S2: fett [g] | T2: KH [g] | U2: Preis [€]
A4: Granatapfelsaft | B4: 61 | C4: 0.3 | D4: 0.5 | E4: 13 | F4: 8.95 | G4: 700 | H4: =B4/100 -> 0.61 | I4: =C4/100 -> 0.003 | J4: =D4/100 -> 0.005 | K4: =E4/100 -> 0.13 | L4: =F4/G4 -> 0.012785714 | M4: =(B4*E4)/(O4*D4) -> 31.72 | N4: =(B4*D4)/(O4*E4) -> 0.046923077 | O4: 50 | Q4: =H4*$O4 -> 30.5 | R4: =I4*$O4 -> 0.15 | S4: =J4*$O4 -> 0.25 | T4: =K4*$O4 -> 6.5 | U4: =L4*$O4 -> 0.63928571
A5: Makadamianüsse | B5: 718 | C5: 7.9 | D5: 75.8 | E5: 13.8 | F5: 26.9 | G5: 1000 | H5: =B5/100 -> 7.18 | I5: =C5/100 -> 0.079 | J5: =D5/100 -> 0.758 | K5: =E5/100 -> 0.138 | L5: =F5/G5 -> 0.0269 | M5: =(B5*E5)/(O5*D5) -> 8.7145119 | N5: =(B5*D5)/(O5*E5) -> 262.91981 | O5: 15 | Q5: =H5*$O5 -> 107.7 | R5: =I5*$O5 -> 1.185 | S5: =J5*$O5 -> 11.37 | T5: =K5*$O5 -> 2.07 | U5: =L5*$O5 -> 0.4035
A6: Hanfsamen | B6: 553 | C6: 30 | D6: 48.8 | E6: 8.7 | F6: 2.95 | G6: 200 | H6: =B6/100 -> 5.53 | I6: =C6/100 -> 0.3 | J6: =D6/100 -> 0.488 | K6: =E6/100 -> 0.087 | L6: =F6/G6 -> 0.01475 | M6: =(B6*E6)/(O6*D6) -> 24.647029 | N6: =(B6*D6)/(O6*E6) -> 775.47126 | O6: 4 | Q6: =H6*$O6 -> 22.12 | R6: =I6*$O6 -> 1.2 | S6: =J6*$O6 -> 1.952 | T6: =K6*$O6 -> 0.348 | U6: =L6*$O6 -> 0.059
A7: Chiasamen | B7: 474 | C7: 22 | D7: 35.3 | E7: 1.3 | F7: 1.85 | G7: 300 | H7: =B7/100 -> 4.74 | I7: =C7/100 -> 0.22 | J7: =D7/100 -> 0.353 | K7: =E7/100 -> 0.013 | L7: =F7/G7 -> 0.0061666667 | M7: =(B7*E7)/(O7*D7) -> 4.3640227 | N7: =(B7*D7)/(O7*E7) -> 3217.7308 | O7: 4 | Q7: =H7*$O7 -> 18.96 | R7: =I7*$O7 -> 0.88 | S7: =J7*$O7 -> 1.412 | T7: =K7*$O7 -> 0.052 | U7: =L7*$O7 -> 0.024666667
A8: Leinsamen | B8: 488 | C8: 22.3 | D8: 41 | E8: 1.1 | F8: 1.55 | G8: 500 | H8: =B8/100 -> 4.88 | I8: =C8/100 -> 0.223 | J8: =D8/100 -> 0.41 | K8: =E8/100 -> 0.011 | L8: =F8/G8 -> 0.0031 | M8: =(B8*E8)/(O8*D8) -> 3.2731707 | N8: =(B8*D8)/(O8*E8) -> 4547.2727 | O8: 4 | Q8: =H8*$O8 -> 19.52 | R8: =I8*$O8 -> 0.892 | S8: =J8*$O8 -> 1.64 | T8: =K8*$O8 -> 0.044 | U8: =L8*$O8 -> 0.0124
A9: Erdnussbutter | B9: 626 | C9: 28 | D9: 52 | E9: 7.1 | F9: 1.95 | G9: 250 | H9: =B9/100 -> 6.26 | I9: =C9/100 -> 0.28 | J9: =D9/100 -> 0.52 | K9: =E9/100 -> 0.071 | L9: =F9/G9 -> 0.0078 | M9: =(B9*E9)/(O9*D9) -> 2.8491026 | N9: =(B9*D9)/(O9*E9) -> 152.82629 | O9: 30 | Q9: =H9*$O9 -> 187.8 | R9: =I9*$O9 -> 8.4 | S9: =J9*$O9 -> 15.6 | T9: =K9*$O9 -> 2.13 | U9: =L9*$O9 -> 0.234
A10: Haferflocken | B10: 372 | C10: 13.5 | D10: 7 | E10: 58.7 | F10: 0.85 | G10: 500 | H10: =B10/100 -> 3.72 | I10: =C10/100 -> 0.135 | J10: =D10/100 -> 0.07 | K10: =E10/100 -> 0.587 | L10: =F10/G10 -> 0.0017 | M10: =(B10*E10)/(O10*D10) -> 44.564082 | N10: =(B10*D10)/(O10*E10) -> 0.63373083 | O10: 70 | Q10: =H10*$O10 -> 260.4 | R10: =I10*$O10 -> 9.45 | S10: =J10*$O10 -> 4.9 | T10: =K10*$O10 -> 41.09 | U10: =L10*$O10 -> 0.119
A11: Datteln | B11: 278 | C11: 1.9 | D11: 0.53 | E11: 65.1 | F11: 1.65 | G11: 200 | H11: =B11/100 -> 2.78 | I11: =C11/100 -> 0.019 | J11: =D11/100 -> 0.0053 | K11: =E11/100 -> 0.651 | L11: =F11/G11 -> 0.00825 | M11: =(B11*E11)/(O11*D11) -> 1707.3396 | N11: =(B11*D11)/(O11*E11) -> 0.11316436 | O11: 20 | Q11: =H11*$O11 -> 55.6 | R11: =I11*$O11 -> 0.38 | S11: =J11*$O11 -> 0.106 | T11: =K11*$O11 -> 13.02 | U11: =L11*$O11 -> 0.165
A12: Honig | B12: 331 | C12: 0.5 | D12: 0 | E12: 82 | F12: 2.79 | G12: 500 | H12: =B12/100 -> 3.31 | I12: =C12/100 -> 0.005 | J12: =D12/100 -> 0 | K12: =E12/100 -> 0.82 | L12: =F12/G12 -> 0.00558 | M12: =(B12*E12)/(O12*D12) -> #DIV/0! | N12: =(B12*D12)/(O12*E12) -> 0 | O12: 20 | Q12: =H12*$O12 -> 66.2 | R12: =I12*$O12 -> 0.1 | S12: =J12*$O12 -> 0 | T12: =K12*$O12 -> 16.4 | U12: =L12*$O12 -> 0.1116
A13: Beeren(Er,Him,Bl,Hei) | B13: 58 | C13: 1 | D13: 0.4 | E13: 11.5 | F13: 3.49 | G13: 750 | H13: =B13/100 -> 0.58 | I13: =C13/100 -> 0.01 | J13: =D13/100 -> 0.004 | K13: =E13/100 -> 0.115 | L13: =F13/G13 -> 0.0046533333 | M13: =(B13*E13)/(O13*D13) -> 16.675 | N13: =(B13*D13)/(O13*E13) -> 0.020173913 | O13: 100 | Q13: =H13*$O13 -> 58 | R13: =I13*$O13 -> 1 | S13: =J13*$O13 -> 0.4 | T13: =K13*$O13 -> 11.5 | U13: =L13*$O13 -> 0.46533333
A14: Walnuss | B14: 700 | C14: 16.1 | D14: 65.2 | E14: 13.7 | F14: 1.65 | G14: 150 | H14: =B14/100 -> 7 | I14: =C14/100 -> 0.161 | J14: =D14/100 -> 0.652 | K14: =E14/100 -> 0.137 | L14: =F14/G14 -> 0.011 | M14: =(B14*E14)/(O14*D14) -> 14.708589 | N14: =(B14*D14)/(O14*E14) -> 333.13869 | O14: 10 | Q14: =H14*$O14 -> 70 | R14: =I14*$O14 -> 1.61 | S14: =J14*$O14 -> 6.52 | T14: =K14*$O14 -> 1.37 | U14: =L14*$O14 -> 0.11
A15: Milch | B15: 64 | C15: 3.5 | D15: 3.5 | E15: 5 | F15: 1.09 | G15: 1000 | H15: =B15/100 -> 0.64 | I15: =C15/100 -> 0.035 | J15: =D15/100 -> 0.035 | K15: =E15/100 -> 0.05 | L15: =F15/G15 -> 0.00109 | M15: =(B15*E15)/(O15*D15) -> 0.45714286 | N15: =(B15*D15)/(O15*E15) -> 0.224 | O15: 200 | Q15: =H15*$O15 -> 128 | R15: =I15*$O15 -> 7 | S15: =J15*$O15 -> 7 | T15: =K15*$O15 -> 10 | U15: =L15*$O15 -> 0.218
A16: Olivenöl | B16: 830 | C16: 0 | D16: 100 | E16: 0 | F16: 6 | G16: 750 | H16: =B16/100 -> 8.3 | I16: =C16/100 -> 0 | J16: =D16/100 -> 1 | K16: =E16/100 -> 0 | L16: =F16/G16 -> 0.008 | M16: =(B16*E16)/(O16*D16) -> 0 | N16: =(B16*D16)/(O16*E16) -> #DIV/0! | O16: 20 | Q16: =H16*$O16 -> 166 | R16: =I16*$O16 -> 0 | S16: =J16*$O16 -> 20 | T16: =K16*$O16 -> 0 | U16: =L16*$O16 -> 0.16
Q17: =SUM(Q4:Q16) -> 1190.8 | R17: =SUM(R4:R16) -> 32.247 | S17: =SUM(S4:S16) -> 71.15 | T17: =SUM(T4:T16) -> 104.524 | U17: =SUM(U4:U16) -> 2.7217857
